,Nu,Ni,Nr,SpaceSize,Shape,Density,Rpu,Rpi,Ginii,Giniu,APB,StPB,SkPB,KuPB,LTavg,LTstd,LTsk,LTku
amazon_cds,69394,116073,1178506,8054769762,0.597847906059118,0.00014631156877504303,16.98282272242557,10.153145003575336,0.48838539826139826,0.5174087212096224,0.0010671146740543448,0.0011189861497241634,2.485565518347008,8.821878645808612,0.218730773045336,0.15985957273017112,0.8689154805857622,1.073293967760164
amazon_finefoods,14710,12916,139682,189994360,1.1388974914834313,0.000735190244594629,9.495717199184229,10.814648497986992,0.7453153173943645,0.3034835992594115,0.006071011876534046,0.005895437175809165,1.6760798213457508,3.215419123711233,0.19523287417903257,0.2904441894376494,1.5629879120354964,1.3537151015432123
amazon_tv,49940,215640,2272799,10769061600,0.2315896865145613,0.0002110489367058686,45.5105927112535,10.539783899091077,0.40725309865781767,0.7006328494665692,0.0011424207516385933,0.0011141433365071264,2.7188854137884313,11.026001499855596,0.1894399622028921,0.13519285402134826,1.0835145547970302,2.4438558250298765
beeradvocate,12689,18209,1162277,231054001,0.6968532044593333,0.005030326222310255,91.59721018204745,63.829809434894834,0.7475026029179291,0.7342903880180205,0.05077216907935104,0.021663226229544412,0.7266043284039433,0.9845205791072349,0.15254744216134547,0.14747385375143857,1.594851749094357,3.63919579101902
brightkite,9639,15318,154037,147650202,0.6292596944770857,0.0010432562767506406,15.980599647266313,10.055947251599425,0.4670630887201973,0.45107552162455333,0.007046271727843976,0.0064473172122694695,1.8244898752669576,4.281147657095852,0.20772338123261286,0.16358918516696452,0.8340741235525962,0.7596799434299322
dianping,60516,9217,1252088,557775972,6.565693826624715,0.00224478655025319,20.690197633683653,135.84550287512207,0.675344051098737,0.48320000704123567,0.01118389657761991,0.004931038604737116,0.8495252642988358,1.617943416643806,0.1906707803493618,0.16123112011426657,1.219478827939114,2.274261028427105
douban_books,1540,5680,64929,8747200,0.2711267605633803,0.0074228324492408996,42.16168831168831,11.431161971830987,0.3942854926617757,0.5377785642739058,0.020543949481333635,0.011210047048940899,2.211295427911977,8.246669761204432,0.18493560563157496,0.11495581908289533,0.7439236360458666,1.6538235765371807
douban_movies,2552,13850,666723,35345200,0.18425992779783393,0.018863183685479217,261.25509404388714,48.13884476534296,0.6686641869600225,0.49911013482932964,0.10388886927771701,0.033166735101567556,0.7985784711520949,2.4521166166950463,0.16076457880397982,0.11095476773497279,0.9492512274841793,0.9263460220957582
douban_music,1060,4926,48662,5221560,0.21518473406414942,0.009319437103087967,45.90754716981132,9.878603329273243,0.33523956359369755,0.6058731465515789,0.016903440394864494,0.005927349169797166,1.3819482405758845,3.8346386512228436,0.1882474594751754,0.12392225030002355,0.725043337144064,1.2084797015892725
epinions,17498,22250,340402,389330500,0.7864269662921348,0.0008743265683012248,19.45376614470225,15.298966292134832,0.5165821125855505,0.4747768309205501,0.00373502969953398,0.002575238756710398,1.3497921557585046,2.5372321672685096,0.19717511340091237,0.16860470910110067,1.1764160552668856,1.601716299689059
food,16390,46681,521934,765101590,0.3511064458773377,0.0006821760754673115,31.844661378889565,11.180865876909236,0.4892336296679781,0.6739416641054395,0.004382341024896946,0.00345902919277198,1.933928350646521,5.815760138987816,0.16636432190328435,0.1425306187930563,1.0368749945081357,1.5296348715401917
foursquare,1078,366,51222,394548,2.9453551912568305,0.12982450804464857,47.51576994434137,139.95081967213116,0.569234289974814,0.1992332418852838,0.31220833144934,0.03485839499368223,0.02109020894645262,1.6640275040784935,0.19278427359358144,0.0690166084481854,0.49452945837211104,1.8228214288051614
goodreads,81118,107389,2134696,8711180902,0.7553660058292749,0.00024505242446634244,26.31593481101605,19.87816256786077,0.613749634080138,0.5555352296667101,0.003626220653315358,0.0034161098414830283,1.5543500558229888,2.8948306126712255,0.19043983617439347,0.1857476009732034,1.2378675163690558,1.5578006643969484
gowalla,63381,174109,2028149,11035202529,0.3640305785456237,0.00018378901471632428,31.999321563244507,11.64873154173535,0.4496154826110861,0.5576509352350596,0.0011609510244239352,0.0013410600207137443,2.725744299790098,11.972598437885832,0.21829741224802837,0.1686911657316399,1.11641565510998,1.5537025572222074
kuairec_full,7176,8754,7777972,62818704,0.8197395476353667,0.12381618060761011,1083.886845039019,888.5049120402102,0.616686602660637,0.34793128389152406,0.2750291799962787,0.05586197550922345,-1.3473962173724705,0.12901658369686908,0.28069540892148315,0.18674793807373508,1.3296288934872118,0.049948526762904955
kuairec_small,1411,3127,3603403,4412197,0.45123121202430444,0.8166913218063473,2553.7937632884477,1152.351455068756,0.1102038817422979,0.052702955697310316,0.8798594107323893,0.0057549541337730895,-0.7082774964609788,1.3481516822554118,0.19996273371325515,0.013537711494963165,-0.4659947431842814,1.2791646299398094
movielens_10m,64644,8789,5386393,568156116,7.355102969621117,0.009480480537500717,83.3239434440938,612.8561838661964,0.8084400651089325,0.5770528863975812,0.1101387947235238,0.04777323746237452,0.962251086201826,0.9743726864272055,0.1277895074056965,0.12586200447999113,1.3941679339451032,2.6097068872856815
movielens_1m,5970,3121,569029,18632370,1.9128484460108939,0.030539807871999107,95.3147403685092,182.32265299583466,0.6615285391890415,0.5067297091743924,0.12736351035058088,0.037672709830324655,0.5831070535830573,0.4044055288221453,0.16616902824441004,0.1149441669163132,1.0846857925073443,1.7571402015285864
movielens_20m,125682,13993,11168872,1758668226,8.981776602587008,0.006350755551775119,88.86612243598924,798.1756592582005,0.853317290038184,0.5807567701178633,0.10296825111348834,0.04527819984231777,0.886281967257864,1.0660206035426754,0.1331717840630368,0.13184825718827173,1.4690879937610313,2.7947977898649103
mts_library,70606,58449,691706,4126850094,1.2079932932984312,0.00016761112815938403,9.796702829787836,11.834351314821468,0.44803315694405266,0.39470663798761596,0.00048315174620504716,0.000544972192350294,2.3462438751173273,6.534370516574981,0.2697848976844641,0.18947731102645496,0.5145785915332189,-0.13343089685767096
amazon_mi,9785,28921,189312,282991985,0.3383354655786453,0.0006689659426220145,19.34716402657128,6.545831748556412,0.32196230882342425,0.5666114586343145,0.0011093857626764407,0.0005619123607427786,3.2899537027796533,17.372119770149094,0.23251846520349742,0.15782460209000126,0.8421449732771814,1.1472641488454451
ratebeer,9640,27070,1390095,260954800,0.3561137790912449,0.005326957005581043,144.20072614107883,51.35186553380126,0.7485793960853013,0.7711422570767126,0.07337892994690756,0.034526808979408824,0.5363164758878646,0.42980494441402595,0.1427924631431985,0.15845094364599266,1.8442813019845854,4.4858085609611384
reddit,3840,4052,71078,15559680,0.947680157946693,0.004568088803882856,18.509895833333335,17.54146100691017,0.6162018315425788,0.5257770249636975,0.036413872325729534,0.025328318217219675,1.053625966036921,1.1839475773143064,0.21329890355839284,0.17985996926455658,1.274447251489082,2.1235388749455826
rekko,19362,4326,219335,83760012,4.475728155339806,0.002618612327801481,11.328116930069207,50.70157189089228,0.7214976321713339,0.3747755214138624,0.024555443737579237,0.014046968840826143,0.9118847914889116,0.8912509042309091,0.16591826852556127,0.16905125839181434,1.1795542465806723,1.5747786949908962
retail,31947,51932,342590,1659071604,0.6151698374797813,0.00020649500550429527,10.723698625849062,6.596895940845721,0.5705791463867981,0.42909228119618015,0.0007478384771376164,0.0006538219116890331,2.1548259211580127,6.230678253984834,0.20781859843048522,0.23512819444630736,1.2692593791197118,1.126397802152475
netflix,438057,17670,55262337,7740467190,24.79100169779287,0.007139405883845623,126.15330196755217,3127.466723259762,0.8612436041905234,0.5791119348199747,0.10060773739041065,0.03560490793987559,0.1863188276516972,0.009604602007915908,0.16606827879381086,0.1572095130470992,1.605944490124819,3.2551730469816347
tafeng,25258,15610,700464,394277380,1.61806534272902,0.0017765766831462663,27.732362023913215,44.87277386290839,0.6564394943032164,0.459435838830188,0.013792095109390671,0.010479166866744327,2.508496180665151,9.77724968242574,0.19676888531785616,0.15212649762504124,1.10560191734752,1.886237771367263
yelp,179205,108337,2474475,19414532085,1.6541440135872325,0.00012745478434228255,13.808068971289863,22.84053462805874,0.6820830406598466,0.4733075743326868,0.0009676832698145971,0.0008901264356793821,2.3160446068793115,7.325096749623345,0.20228023421530178,0.1918769134081838,1.0712294992666542,1.0081525246828438
sber_smm,184160,167748,25835795,30892471680,1.097837232038534,0.000836313625779781,140.2899380973067,154.01551732360446,0.5835794127127693,0.40568433803693227,0.0063924349929493545,0.0034256081402750287,1.0999850806033828,1.4992002671132036,0.19048174232002235,0.10464770606096312,0.4477879950129279,0.0068461577829648235
sber_zvuk,165534,106943,38523177,17702702562,1.5478712959239969,0.002176118412715836,232.72063141106963,360.22158533050316,0.676589292867683,0.4666818334540934,0.02920017331073587,0.022528244489744144,1.395419726043481,2.6725751751770135,0.18689673038731772,0.15576229228247115,1.2337884778832293,1.4765430600470264
