Dataset,Nu,Ni,Nr,SpaceSize,Shape,Density,Rpu,Rpi,Ginii,Giniu,APB,StPB,SkPB,KuPB,LTavg,LTstd,LTsk,LTku,FracInteractionsVal,FracInteractionsTest,FracPassiveUsersVal,FracPassiveUsersTest,FracPassiveItemsVal,FracPassiveItemsTest,Method,Value
brightkite,9422,14242,144069,134188124,0.6615643870242943,0.0010736345043470463,15.290702610910635,10.115784299957872,0.4740723680643584,0.4422832727293693,0.0071022171351610335,0.006398465687595391,1.7889940314553008,4.133396683499067,0.20734056985807917,0.1644459124985236,0.8184271716551564,0.6806723553115046,0.06939730268135408,0.05751410782333465,0.31819146677987686,0.20621948630863934,0.276646538407527,0.2608481954781632,sasrec,0.015072885239611068
brightkite,9422,14242,144069,134188124,0.6615643870242943,0.0010736345043470463,15.290702610910635,10.115784299957872,0.4740723680643584,0.4422832727293693,0.0071022171351610335,0.006398465687595391,1.7889940314553008,4.133396683499067,0.20734056985807917,0.1644459124985236,0.8184271716551564,0.6806723553115046,0.06939730268135408,0.05751410782333465,0.31819146677987686,0.20621948630863934,0.276646538407527,0.2608481954781632,recbole_ItemKNN,0.09233923820644012
brightkite,9422,14242,144069,134188124,0.6615643870242943,0.0010736345043470463,15.290702610910635,10.115784299957872,0.4740723680643584,0.4422832727293693,0.0071022171351610335,0.006398465687595391,1.7889940314553008,4.133396683499067,0.20734056985807917,0.1644459124985236,0.8184271716551564,0.6806723553115046,0.06939730268135408,0.05751410782333465,0.31819146677987686,0.20621948630863934,0.276646538407527,0.2608481954781632,recbole_EASE,0.14029259229630778
brightkite,9422,14242,144069,134188124,0.6615643870242943,0.0010736345043470463,15.290702610910635,10.115784299957872,0.4740723680643584,0.4422832727293693,0.0071022171351610335,0.006398465687595391,1.7889940314553008,4.133396683499067,0.20734056985807917,0.1644459124985236,0.8184271716551564,0.6806723553115046,0.06939730268135408,0.05751410782333465,0.31819146677987686,0.20621948630863934,0.276646538407527,0.2608481954781632,recbole_MultiVAE,0.11883324424163308
brightkite,9422,14242,144069,134188124,0.6615643870242943,0.0010736345043470463,15.290702610910635,10.115784299957872,0.4740723680643584,0.4422832727293693,0.0071022171351610335,0.006398465687595391,1.7889940314553008,4.133396683499067,0.20734056985807917,0.1644459124985236,0.8184271716551564,0.6806723553115046,0.06939730268135408,0.05751410782333465,0.31819146677987686,0.20621948630863934,0.276646538407527,0.2608481954781632,implicit_bpr,0.0542920841041711
brightkite,9422,14242,144069,134188124,0.6615643870242943,0.0010736345043470463,15.290702610910635,10.115784299957872,0.4740723680643584,0.4422832727293693,0.0071022171351610335,0.006398465687595391,1.7889940314553008,4.133396683499067,0.20734056985807917,0.1644459124985236,0.8184271716551564,0.6806723553115046,0.06939730268135408,0.05751410782333465,0.31819146677987686,0.20621948630863934,0.276646538407527,0.2608481954781632,implicit_als,0.06865104290751659
brightkite,9422,14242,144069,134188124,0.6615643870242943,0.0010736345043470463,15.290702610910635,10.115784299957872,0.4740723680643584,0.4422832727293693,0.0071022171351610335,0.006398465687595391,1.7889940314553008,4.133396683499067,0.20734056985807917,0.1644459124985236,0.8184271716551564,0.6806723553115046,0.06939730268135408,0.05751410782333465,0.31819146677987686,0.20621948630863934,0.276646538407527,0.2608481954781632,lightfm,0.1225366903913339
movielens_20m,114090,12078,10027558,1377979020,9.446100347739693,0.007277003390080641,87.89164694539399,830.2333167743004,0.8421176275512088,0.5808422844654823,0.10724780631198291,0.046602935360345474,0.9157981386840368,1.0474637491184744,0.1305455278876235,0.129003099300997,1.4537643126012902,2.8110473883561307,0.019077725603781102,0.009314830190959753,0.041607502848628276,0.025462354281707424,0.7645305514157973,0.648120549759894,sasrec,0.12696984390570998
movielens_20m,114090,12078,10027558,1377979020,9.446100347739693,0.007277003390080641,87.89164694539399,830.2333167743004,0.8421176275512088,0.5808422844654823,0.10724780631198291,0.046602935360345474,0.9157981386840368,1.0474637491184744,0.1305455278876235,0.129003099300997,1.4537643126012902,2.8110473883561307,0.019077725603781102,0.009314830190959753,0.041607502848628276,0.025462354281707424,0.7645305514157973,0.648120549759894,recbole_ItemKNN,0.11262791589187235
movielens_20m,114090,12078,10027558,1377979020,9.446100347739693,0.007277003390080641,87.89164694539399,830.2333167743004,0.8421176275512088,0.5808422844654823,0.10724780631198291,0.046602935360345474,0.9157981386840368,1.0474637491184744,0.1305455278876235,0.129003099300997,1.4537643126012902,2.8110473883561307,0.019077725603781102,0.009314830190959753,0.041607502848628276,0.025462354281707424,0.7645305514157973,0.648120549759894,recbole_EASE,0.1453737426610413
movielens_20m,114090,12078,10027558,1377979020,9.446100347739693,0.007277003390080641,87.89164694539399,830.2333167743004,0.8421176275512088,0.5808422844654823,0.10724780631198291,0.046602935360345474,0.9157981386840368,1.0474637491184744,0.1305455278876235,0.129003099300997,1.4537643126012902,2.8110473883561307,0.019077725603781102,0.009314830190959753,0.041607502848628276,0.025462354281707424,0.7645305514157973,0.648120549759894,recbole_MultiVAE,0.1379477098570581
movielens_20m,114090,12078,10027558,1377979020,9.446100347739693,0.007277003390080641,87.89164694539399,830.2333167743004,0.8421176275512088,0.5808422844654823,0.10724780631198291,0.046602935360345474,0.9157981386840368,1.0474637491184744,0.1305455278876235,0.129003099300997,1.4537643126012902,2.8110473883561307,0.019077725603781102,0.009314830190959753,0.041607502848628276,0.025462354281707424,0.7645305514157973,0.648120549759894,implicit_bpr,0.02294860697484201
movielens_20m,114090,12078,10027558,1377979020,9.446100347739693,0.007277003390080641,87.89164694539399,830.2333167743004,0.8421176275512088,0.5808422844654823,0.10724780631198291,0.046602935360345474,0.9157981386840368,1.0474637491184744,0.1305455278876235,0.129003099300997,1.4537643126012902,2.8110473883561307,0.019077725603781102,0.009314830190959753,0.041607502848628276,0.025462354281707424,0.7645305514157973,0.648120549759894,implicit_als,0.009094054905040658
movielens_20m,114090,12078,10027558,1377979020,9.446100347739693,0.007277003390080641,87.89164694539399,830.2333167743004,0.8421176275512088,0.5808422844654823,0.10724780631198291,0.046602935360345474,0.9157981386840368,1.0474637491184744,0.1305455278876235,0.129003099300997,1.4537643126012902,2.8110473883561307,0.019077725603781102,0.009314830190959753,0.041607502848628276,0.025462354281707424,0.7645305514157973,0.648120549759894,lightfm,0.13781204282977647
epinions,16390,19933,311252,326701870,0.8222545527517182,0.0009527095758588709,18.990359975594874,15.614909948326895,0.5304148985497643,0.46365595507388213,0.004124716756889288,0.0027346311177336184,1.3422222298120887,2.596464256995347,0.19768425538584128,0.16407876132734522,1.1283045343082596,1.5529661032034676,0.0465089380951769,0.027913073650932364,0.17437461866992068,0.0734594264795607,0.3774143380324086,0.262529473737019,sasrec,0.005477405713508628
epinions,16390,19933,311252,326701870,0.8222545527517182,0.0009527095758588709,18.990359975594874,15.614909948326895,0.5304148985497643,0.46365595507388213,0.004124716756889288,0.0027346311177336184,1.3422222298120887,2.596464256995347,0.19768425538584128,0.16407876132734522,1.1283045343082596,1.5529661032034676,0.0465089380951769,0.027913073650932364,0.17437461866992068,0.0734594264795607,0.3774143380324086,0.262529473737019,recbole_ItemKNN,0.013624574003052158
epinions,16390,19933,311252,326701870,0.8222545527517182,0.0009527095758588709,18.990359975594874,15.614909948326895,0.5304148985497643,0.46365595507388213,0.004124716756889288,0.0027346311177336184,1.3422222298120887,2.596464256995347,0.19768425538584128,0.16407876132734522,1.1283045343082596,1.5529661032034676,0.0465089380951769,0.027913073650932364,0.17437461866992068,0.0734594264795607,0.3774143380324086,0.262529473737019,recbole_EASE,0.01448847878881465
epinions,16390,19933,311252,326701870,0.8222545527517182,0.0009527095758588709,18.990359975594874,15.614909948326895,0.5304148985497643,0.46365595507388213,0.004124716756889288,0.0027346311177336184,1.3422222298120887,2.596464256995347,0.19768425538584128,0.16407876132734522,1.1283045343082596,1.5529661032034676,0.0465089380951769,0.027913073650932364,0.17437461866992068,0.0734594264795607,0.3774143380324086,0.262529473737019,recbole_MultiVAE,0.012024699422834923
epinions,16390,19933,311252,326701870,0.8222545527517182,0.0009527095758588709,18.990359975594874,15.614909948326895,0.5304148985497643,0.46365595507388213,0.004124716756889288,0.0027346311177336184,1.3422222298120887,2.596464256995347,0.19768425538584128,0.16407876132734522,1.1283045343082596,1.5529661032034676,0.0465089380951769,0.027913073650932364,0.17437461866992068,0.0734594264795607,0.3774143380324086,0.262529473737019,implicit_bpr,0.002129213313981729
epinions,16390,19933,311252,326701870,0.8222545527517182,0.0009527095758588709,18.990359975594874,15.614909948326895,0.5304148985497643,0.46365595507388213,0.004124716756889288,0.0027346311177336184,1.3422222298120887,2.596464256995347,0.19768425538584128,0.16407876132734522,1.1283045343082596,1.5529661032034676,0.0465089380951769,0.027913073650932364,0.17437461866992068,0.0734594264795607,0.3774143380324086,0.262529473737019,implicit_als,0.0012442091096154589
epinions,16390,19933,311252,326701870,0.8222545527517182,0.0009527095758588709,18.990359975594874,15.614909948326895,0.5304148985497643,0.46365595507388213,0.004124716756889288,0.0027346311177336184,1.3422222298120887,2.596464256995347,0.19768425538584128,0.16407876132734522,1.1283045343082596,1.5529661032034676,0.0465089380951769,0.027913073650932364,0.17437461866992068,0.0734594264795607,0.3774143380324086,0.262529473737019,lightfm,0.010467913405963905
kuairec_full,7176,8141,7640871,58419816,0.8814641935880113,0.13079245234185605,1064.7813545150502,938.5666380051591,0.598912821963822,0.3522678824888884,0.2768714735933335,0.05492049997461999,-1.3536516314648406,0.15439786982631398,0.2803233854035127,0.18629586642535947,1.350917280050614,0.09184362398174573,0.08982051915285574,0.0810516235649051,0.9604236343366778,0.9574972129319955,0.378086230192851,0.3515538631617737,sasrec,0.0873538521978138
kuairec_full,7176,8141,7640871,58419816,0.8814641935880113,0.13079245234185605,1064.7813545150502,938.5666380051591,0.598912821963822,0.3522678824888884,0.2768714735933335,0.05492049997461999,-1.3536516314648406,0.15439786982631398,0.2803233854035127,0.18629586642535947,1.350917280050614,0.09184362398174573,0.08982051915285574,0.0810516235649051,0.9604236343366778,0.9574972129319955,0.378086230192851,0.3515538631617737,recbole_ItemKNN,0.018057977041015718
kuairec_full,7176,8141,7640871,58419816,0.8814641935880113,0.13079245234185605,1064.7813545150502,938.5666380051591,0.598912821963822,0.3522678824888884,0.2768714735933335,0.05492049997461999,-1.3536516314648406,0.15439786982631398,0.2803233854035127,0.18629586642535947,1.350917280050614,0.09184362398174573,0.08982051915285574,0.0810516235649051,0.9604236343366778,0.9574972129319955,0.378086230192851,0.3515538631617737,recbole_EASE,0.0262010864212844
kuairec_full,7176,8141,7640871,58419816,0.8814641935880113,0.13079245234185605,1064.7813545150502,938.5666380051591,0.598912821963822,0.3522678824888884,0.2768714735933335,0.05492049997461999,-1.3536516314648406,0.15439786982631398,0.2803233854035127,0.18629586642535947,1.350917280050614,0.09184362398174573,0.08982051915285574,0.0810516235649051,0.9604236343366778,0.9574972129319955,0.378086230192851,0.3515538631617737,recbole_MultiVAE,0.027413819339892
kuairec_full,7176,8141,7640871,58419816,0.8814641935880113,0.13079245234185605,1064.7813545150502,938.5666380051591,0.598912821963822,0.3522678824888884,0.2768714735933335,0.05492049997461999,-1.3536516314648406,0.15439786982631398,0.2803233854035127,0.18629586642535947,1.350917280050614,0.09184362398174573,0.08982051915285574,0.0810516235649051,0.9604236343366778,0.9574972129319955,0.378086230192851,0.3515538631617737,implicit_bpr,0.030502844711383995
kuairec_full,7176,8141,7640871,58419816,0.8814641935880113,0.13079245234185605,1064.7813545150502,938.5666380051591,0.598912821963822,0.3522678824888884,0.2768714735933335,0.05492049997461999,-1.3536516314648406,0.15439786982631398,0.2803233854035127,0.18629586642535947,1.350917280050614,0.09184362398174573,0.08982051915285574,0.0810516235649051,0.9604236343366778,0.9574972129319955,0.378086230192851,0.3515538631617737,implicit_als,0.02514094885758146
kuairec_full,7176,8141,7640871,58419816,0.8814641935880113,0.13079245234185605,1064.7813545150502,938.5666380051591,0.598912821963822,0.3522678824888884,0.2768714735933335,0.05492049997461999,-1.3536516314648406,0.15439786982631398,0.2803233854035127,0.18629586642535947,1.350917280050614,0.09184362398174573,0.08982051915285574,0.0810516235649051,0.9604236343366778,0.9574972129319955,0.378086230192851,0.3515538631617737,lightfm,0.02195667436574528
foursquare,1068,366,50817,390888,2.918032786885246,0.1300039909129981,47.581460674157306,138.84426229508196,0.5696541937975979,0.1993438993561758,0.3128899680780231,0.034628474624540065,0.06308907427348996,1.6196415608892325,0.1924785170818246,0.06795908046437643,0.39844874843855815,1.2530536851642653,0.09553889446445087,0.09534210992384438,0.7659176029962547,0.7546816479400749,0.9344262295081968,0.9289617486338798,sasrec,0.1537877491375668
foursquare,1068,366,50817,390888,2.918032786885246,0.1300039909129981,47.581460674157306,138.84426229508196,0.5696541937975979,0.1993438993561758,0.3128899680780231,0.034628474624540065,0.06308907427348996,1.6196415608892325,0.1924785170818246,0.06795908046437643,0.39844874843855815,1.2530536851642653,0.09553889446445087,0.09534210992384438,0.7659176029962547,0.7546816479400749,0.9344262295081968,0.9289617486338798,recbole_ItemKNN,0.17088550272802613
foursquare,1068,366,50817,390888,2.918032786885246,0.1300039909129981,47.581460674157306,138.84426229508196,0.5696541937975979,0.1993438993561758,0.3128899680780231,0.034628474624540065,0.06308907427348996,1.6196415608892325,0.1924785170818246,0.06795908046437643,0.39844874843855815,1.2530536851642653,0.09553889446445087,0.09534210992384438,0.7659176029962547,0.7546816479400749,0.9344262295081968,0.9289617486338798,recbole_EASE,0.18275568828892488
foursquare,1068,366,50817,390888,2.918032786885246,0.1300039909129981,47.581460674157306,138.84426229508196,0.5696541937975979,0.1993438993561758,0.3128899680780231,0.034628474624540065,0.06308907427348996,1.6196415608892325,0.1924785170818246,0.06795908046437643,0.39844874843855815,1.2530536851642653,0.09553889446445087,0.09534210992384438,0.7659176029962547,0.7546816479400749,0.9344262295081968,0.9289617486338798,recbole_MultiVAE,0.17678410895296506
foursquare,1068,366,50817,390888,2.918032786885246,0.1300039909129981,47.581460674157306,138.84426229508196,0.5696541937975979,0.1993438993561758,0.3128899680780231,0.034628474624540065,0.06308907427348996,1.6196415608892325,0.1924785170818246,0.06795908046437643,0.39844874843855815,1.2530536851642653,0.09553889446445087,0.09534210992384438,0.7659176029962547,0.7546816479400749,0.9344262295081968,0.9289617486338798,implicit_bpr,0.03937437922474664
foursquare,1068,366,50817,390888,2.918032786885246,0.1300039909129981,47.581460674157306,138.84426229508196,0.5696541937975979,0.1993438993561758,0.3128899680780231,0.034628474624540065,0.06308907427348996,1.6196415608892325,0.1924785170818246,0.06795908046437643,0.39844874843855815,1.2530536851642653,0.09553889446445087,0.09534210992384438,0.7659176029962547,0.7546816479400749,0.9344262295081968,0.9289617486338798,implicit_als,0.02880599021158768
foursquare,1068,366,50817,390888,2.918032786885246,0.1300039909129981,47.581460674157306,138.84426229508196,0.5696541937975979,0.1993438993561758,0.3128899680780231,0.034628474624540065,0.06308907427348996,1.6196415608892325,0.1924785170818246,0.06795908046437643,0.39844874843855815,1.2530536851642653,0.09553889446445087,0.09534210992384438,0.7659176029962547,0.7546816479400749,0.9344262295081968,0.9289617486338798,lightfm,0.17731120981833506
movielens_1m,5372,3120,516312,16760640,1.721794871794872,0.03080502892490979,96.11169024571853,165.48461538461538,0.6607348358656328,0.5066660726673009,0.12756550310822215,0.03751158095890533,0.5634712923501768,0.3615044131824776,0.16691506547418342,0.11522141261483848,1.0867860271207772,1.7602369618877418,0.026263189699251614,0.0837671795348549,0.09121370067014148,0.18354430379746836,0.7272435897435897,0.8980769230769231,sasrec,0.16598124574791412
movielens_1m,5372,3120,516312,16760640,1.721794871794872,0.03080502892490979,96.11169024571853,165.48461538461538,0.6607348358656328,0.5066660726673009,0.12756550310822215,0.03751158095890533,0.5634712923501768,0.3615044131824776,0.16691506547418342,0.11522141261483848,1.0867860271207772,1.7602369618877418,0.026263189699251614,0.0837671795348549,0.09121370067014148,0.18354430379746836,0.7272435897435897,0.8980769230769231,recbole_ItemKNN,0.1928270460729241
movielens_1m,5372,3120,516312,16760640,1.721794871794872,0.03080502892490979,96.11169024571853,165.48461538461538,0.6607348358656328,0.5066660726673009,0.12756550310822215,0.03751158095890533,0.5634712923501768,0.3615044131824776,0.16691506547418342,0.11522141261483848,1.0867860271207772,1.7602369618877418,0.026263189699251614,0.0837671795348549,0.09121370067014148,0.18354430379746836,0.7272435897435897,0.8980769230769231,recbole_EASE,0.18149777332444048
movielens_1m,5372,3120,516312,16760640,1.721794871794872,0.03080502892490979,96.11169024571853,165.48461538461538,0.6607348358656328,0.5066660726673009,0.12756550310822215,0.03751158095890533,0.5634712923501768,0.3615044131824776,0.16691506547418342,0.11522141261483848,1.0867860271207772,1.7602369618877418,0.026263189699251614,0.0837671795348549,0.09121370067014148,0.18354430379746836,0.7272435897435897,0.8980769230769231,recbole_MultiVAE,0.15958598513945665
movielens_1m,5372,3120,516312,16760640,1.721794871794872,0.03080502892490979,96.11169024571853,165.48461538461538,0.6607348358656328,0.5066660726673009,0.12756550310822215,0.03751158095890533,0.5634712923501768,0.3615044131824776,0.16691506547418342,0.11522141261483848,1.0867860271207772,1.7602369618877418,0.026263189699251614,0.0837671795348549,0.09121370067014148,0.18354430379746836,0.7272435897435897,0.8980769230769231,implicit_bpr,0.1788659122569506
movielens_1m,5372,3120,516312,16760640,1.721794871794872,0.03080502892490979,96.11169024571853,165.48461538461538,0.6607348358656328,0.5066660726673009,0.12756550310822215,0.03751158095890533,0.5634712923501768,0.3615044131824776,0.16691506547418342,0.11522141261483848,1.0867860271207772,1.7602369618877418,0.026263189699251614,0.0837671795348549,0.09121370067014148,0.18354430379746836,0.7272435897435897,0.8980769230769231,implicit_als,0.1815504569364145
movielens_1m,5372,3120,516312,16760640,1.721794871794872,0.03080502892490979,96.11169024571853,165.48461538461538,0.6607348358656328,0.5066660726673009,0.12756550310822215,0.03751158095890533,0.5634712923501768,0.3615044131824776,0.16691506547418342,0.11522141261483848,1.0867860271207772,1.7602369618877418,0.026263189699251614,0.0837671795348549,0.09121370067014148,0.18354430379746836,0.7272435897435897,0.8980769230769231,lightfm,0.1919475982167932
movielens_10m,60037,8263,4847239,496085731,7.26576304005809,0.009770970413176427,80.73752852407682,586.6197506958732,0.8048316838471297,0.5772204987653722,0.10989750651876456,0.048391154276425596,0.9807818291890802,0.9057199426863431,0.1257087874447064,0.12450552544066704,1.398299495024064,2.6683716066043086,0.02100866080669841,0.008278527219309797,0.046937721738261405,0.028149307926778486,0.7654604865061115,0.6187825245068377,sasrec,0.10315901142006437
movielens_10m,60037,8263,4847239,496085731,7.26576304005809,0.009770970413176427,80.73752852407682,586.6197506958732,0.8048316838471297,0.5772204987653722,0.10989750651876456,0.048391154276425596,0.9807818291890802,0.9057199426863431,0.1257087874447064,0.12450552544066704,1.398299495024064,2.6683716066043086,0.02100866080669841,0.008278527219309797,0.046937721738261405,0.028149307926778486,0.7654604865061115,0.6187825245068377,recbole_ItemKNN,0.11418926389362352
movielens_10m,60037,8263,4847239,496085731,7.26576304005809,0.009770970413176427,80.73752852407682,586.6197506958732,0.8048316838471297,0.5772204987653722,0.10989750651876456,0.048391154276425596,0.9807818291890802,0.9057199426863431,0.1257087874447064,0.12450552544066704,1.398299495024064,2.6683716066043086,0.02100866080669841,0.008278527219309797,0.046937721738261405,0.028149307926778486,0.7654604865061115,0.6187825245068377,recbole_EASE,0.13794443274853213
movielens_10m,60037,8263,4847239,496085731,7.26576304005809,0.009770970413176427,80.73752852407682,586.6197506958732,0.8048316838471297,0.5772204987653722,0.10989750651876456,0.048391154276425596,0.9807818291890802,0.9057199426863431,0.1257087874447064,0.12450552544066704,1.398299495024064,2.6683716066043086,0.02100866080669841,0.008278527219309797,0.046937721738261405,0.028149307926778486,0.7654604865061115,0.6187825245068377,recbole_MultiVAE,0.11249203485830407
movielens_10m,60037,8263,4847239,496085731,7.26576304005809,0.009770970413176427,80.73752852407682,586.6197506958732,0.8048316838471297,0.5772204987653722,0.10989750651876456,0.048391154276425596,0.9807818291890802,0.9057199426863431,0.1257087874447064,0.12450552544066704,1.398299495024064,2.6683716066043086,0.02100866080669841,0.008278527219309797,0.046937721738261405,0.028149307926778486,0.7654604865061115,0.6187825245068377,implicit_bpr,0.004361491494396475
movielens_10m,60037,8263,4847239,496085731,7.26576304005809,0.009770970413176427,80.73752852407682,586.6197506958732,0.8048316838471297,0.5772204987653722,0.10989750651876456,0.048391154276425596,0.9807818291890802,0.9057199426863431,0.1257087874447064,0.12450552544066704,1.398299495024064,2.6683716066043086,0.02100866080669841,0.008278527219309797,0.046937721738261405,0.028149307926778486,0.7654604865061115,0.6187825245068377,implicit_als,0.013563955651245678
movielens_10m,60037,8263,4847239,496085731,7.26576304005809,0.009770970413176427,80.73752852407682,586.6197506958732,0.8048316838471297,0.5772204987653722,0.10989750651876456,0.048391154276425596,0.9807818291890802,0.9057199426863431,0.1257087874447064,0.12450552544066704,1.398299495024064,2.6683716066043086,0.02100866080669841,0.008278527219309797,0.046937721738261405,0.028149307926778486,0.7654604865061115,0.6187825245068377,lightfm,0.12996106135281327
mts_library,70549,58379,690996,4118580071,1.208465372822419,0.0001677752983037731,9.79455413967597,11.836379520032889,0.4476256843989308,0.3948407479389061,0.00048289413549187086,0.0005447313441004473,2.348453528245553,6.55085076617971,0.2697108868627473,0.1896136237174782,0.5131733161337615,-0.13149994510060825,0.09964457102501317,0.09814094437594428,0.42245814965484985,0.4259734369020114,0.5291286250192706,0.537727607530105,sasrec,0.0010184266803542454
mts_library,70549,58379,690996,4118580071,1.208465372822419,0.0001677752983037731,9.79455413967597,11.836379520032889,0.4476256843989308,0.3948407479389061,0.00048289413549187086,0.0005447313441004473,2.348453528245553,6.55085076617971,0.2697108868627473,0.1896136237174782,0.5131733161337615,-0.13149994510060825,0.09964457102501317,0.09814094437594428,0.42245814965484985,0.4259734369020114,0.5291286250192706,0.537727607530105,recbole_ItemKNN,0.0044902307617068786
mts_library,70549,58379,690996,4118580071,1.208465372822419,0.0001677752983037731,9.79455413967597,11.836379520032889,0.4476256843989308,0.3948407479389061,0.00048289413549187086,0.0005447313441004473,2.348453528245553,6.55085076617971,0.2697108868627473,0.1896136237174782,0.5131733161337615,-0.13149994510060825,0.09964457102501317,0.09814094437594428,0.42245814965484985,0.4259734369020114,0.5291286250192706,0.537727607530105,recbole_EASE,0.005564972746832452
mts_library,70549,58379,690996,4118580071,1.208465372822419,0.0001677752983037731,9.79455413967597,11.836379520032889,0.4476256843989308,0.3948407479389061,0.00048289413549187086,0.0005447313441004473,2.348453528245553,6.55085076617971,0.2697108868627473,0.1896136237174782,0.5131733161337615,-0.13149994510060825,0.09964457102501317,0.09814094437594428,0.42245814965484985,0.4259734369020114,0.5291286250192706,0.537727607530105,recbole_MultiVAE,0.003421934088390877
mts_library,70549,58379,690996,4118580071,1.208465372822419,0.0001677752983037731,9.79455413967597,11.836379520032889,0.4476256843989308,0.3948407479389061,0.00048289413549187086,0.0005447313441004473,2.348453528245553,6.55085076617971,0.2697108868627473,0.1896136237174782,0.5131733161337615,-0.13149994510060825,0.09964457102501317,0.09814094437594428,0.42245814965484985,0.4259734369020114,0.5291286250192706,0.537727607530105,implicit_bpr,0.00012131359053274924
mts_library,70549,58379,690996,4118580071,1.208465372822419,0.0001677752983037731,9.79455413967597,11.836379520032889,0.4476256843989308,0.3948407479389061,0.00048289413549187086,0.0005447313441004473,2.348453528245553,6.55085076617971,0.2697108868627473,0.1896136237174782,0.5131733161337615,-0.13149994510060825,0.09964457102501317,0.09814094437594428,0.42245814965484985,0.4259734369020114,0.5291286250192706,0.537727607530105,implicit_als,6.48280746370838e-05
mts_library,70549,58379,690996,4118580071,1.208465372822419,0.0001677752983037731,9.79455413967597,11.836379520032889,0.4476256843989308,0.3948407479389061,0.00048289413549187086,0.0005447313441004473,2.348453528245553,6.55085076617971,0.2697108868627473,0.1896136237174782,0.5131733161337615,-0.13149994510060825,0.09964457102501317,0.09814094437594428,0.42245814965484985,0.4259734369020114,0.5291286250192706,0.537727607530105,lightfm,0.004763026730736936
dianping,58624,8753,1206261,513135872,6.697589397920713,0.002350763347139371,20.576231577510917,137.8111504626985,0.6719335924671377,0.482891924306042,0.011397605357878277,0.004925072743265506,0.796954990206789,1.4094704228351995,0.19071242033731745,0.1606472153219567,1.2176520843260286,2.320605227017718,0.08444938533203013,0.06757409880614561,0.3390079148471616,0.3291314137554585,0.8595909973723295,0.8279447046726837,sasrec,0.02056532054698616
dianping,58624,8753,1206261,513135872,6.697589397920713,0.002350763347139371,20.576231577510917,137.8111504626985,0.6719335924671377,0.482891924306042,0.011397605357878277,0.004925072743265506,0.796954990206789,1.4094704228351995,0.19071242033731745,0.1606472153219567,1.2176520843260286,2.320605227017718,0.08444938533203013,0.06757409880614561,0.3390079148471616,0.3291314137554585,0.8595909973723295,0.8279447046726837,recbole_ItemKNN,0.02130168908095777
dianping,58624,8753,1206261,513135872,6.697589397920713,0.002350763347139371,20.576231577510917,137.8111504626985,0.6719335924671377,0.482891924306042,0.011397605357878277,0.004925072743265506,0.796954990206789,1.4094704228351995,0.19071242033731745,0.1606472153219567,1.2176520843260286,2.320605227017718,0.08444938533203013,0.06757409880614561,0.3390079148471616,0.3291314137554585,0.8595909973723295,0.8279447046726837,recbole_EASE,0.021935881448460055
dianping,58624,8753,1206261,513135872,6.697589397920713,0.002350763347139371,20.576231577510917,137.8111504626985,0.6719335924671377,0.482891924306042,0.011397605357878277,0.004925072743265506,0.796954990206789,1.4094704228351995,0.19071242033731745,0.1606472153219567,1.2176520843260286,2.320605227017718,0.08444938533203013,0.06757409880614561,0.3390079148471616,0.3291314137554585,0.8595909973723295,0.8279447046726837,recbole_MultiVAE,0.021036205160465383
dianping,58624,8753,1206261,513135872,6.697589397920713,0.002350763347139371,20.576231577510917,137.8111504626985,0.6719335924671377,0.482891924306042,0.011397605357878277,0.004925072743265506,0.796954990206789,1.4094704228351995,0.19071242033731745,0.1606472153219567,1.2176520843260286,2.320605227017718,0.08444938533203013,0.06757409880614561,0.3390079148471616,0.3291314137554585,0.8595909973723295,0.8279447046726837,implicit_bpr,0.0019403335211220288
dianping,58624,8753,1206261,513135872,6.697589397920713,0.002350763347139371,20.576231577510917,137.8111504626985,0.6719335924671377,0.482891924306042,0.011397605357878277,0.004925072743265506,0.796954990206789,1.4094704228351995,0.19071242033731745,0.1606472153219567,1.2176520843260286,2.320605227017718,0.08444938533203013,0.06757409880614561,0.3390079148471616,0.3291314137554585,0.8595909973723295,0.8279447046726837,implicit_als,0.0020164033021098523
dianping,58624,8753,1206261,513135872,6.697589397920713,0.002350763347139371,20.576231577510917,137.8111504626985,0.6719335924671377,0.482891924306042,0.011397605357878277,0.004925072743265506,0.796954990206789,1.4094704228351995,0.19071242033731745,0.1606472153219567,1.2176520843260286,2.320605227017718,0.08444938533203013,0.06757409880614561,0.3390079148471616,0.3291314137554585,0.8595909973723295,0.8279447046726837,lightfm,0.01965120001361492
yelp,171561,103427,2356699,17744039547,1.6587641524940295,0.00013281637440886164,13.736799155985334,22.786110009958715,0.6806371436067867,0.4759959019516392,0.0009870914800274532,0.00090035627596344,2.295435932449344,7.2285764164705935,0.20258567465609448,0.19285338096915744,1.0730428620979633,1.0103240116792218,0.07835493629012445,0.059187872528481573,0.31731570694971467,0.24349939671603685,0.45505525636439226,0.3832944975683332,sasrec,0.01114614399633199
yelp,171561,103427,2356699,17744039547,1.6587641524940295,0.00013281637440886164,13.736799155985334,22.786110009958715,0.6806371436067867,0.4759959019516392,0.0009870914800274532,0.00090035627596344,2.295435932449344,7.2285764164705935,0.20258567465609448,0.19285338096915744,1.0730428620979633,1.0103240116792218,0.07835493629012445,0.059187872528481573,0.31731570694971467,0.24349939671603685,0.45505525636439226,0.3832944975683332,recbole_ItemKNN,0.013898567911671477
yelp,171561,103427,2356699,17744039547,1.6587641524940295,0.00013281637440886164,13.736799155985334,22.786110009958715,0.6806371436067867,0.4759959019516392,0.0009870914800274532,0.00090035627596344,2.295435932449344,7.2285764164705935,0.20258567465609448,0.19285338096915744,1.0730428620979633,1.0103240116792218,0.07835493629012445,0.059187872528481573,0.31731570694971467,0.24349939671603685,0.45505525636439226,0.3832944975683332,recbole_EASE,0.02370366592639144
yelp,171561,103427,2356699,17744039547,1.6587641524940295,0.00013281637440886164,13.736799155985334,22.786110009958715,0.6806371436067867,0.4759959019516392,0.0009870914800274532,0.00090035627596344,2.295435932449344,7.2285764164705935,0.20258567465609448,0.19285338096915744,1.0730428620979633,1.0103240116792218,0.07835493629012445,0.059187872528481573,0.31731570694971467,0.24349939671603685,0.45505525636439226,0.3832944975683332,recbole_MultiVAE,0.02535225866488009
yelp,171561,103427,2356699,17744039547,1.6587641524940295,0.00013281637440886164,13.736799155985334,22.786110009958715,0.6806371436067867,0.4759959019516392,0.0009870914800274532,0.00090035627596344,2.295435932449344,7.2285764164705935,0.20258567465609448,0.19285338096915744,1.0730428620979633,1.0103240116792218,0.07835493629012445,0.059187872528481573,0.31731570694971467,0.24349939671603685,0.45505525636439226,0.3832944975683332,implicit_bpr,0.009689818587756659
yelp,171561,103427,2356699,17744039547,1.6587641524940295,0.00013281637440886164,13.736799155985334,22.786110009958715,0.6806371436067867,0.4759959019516392,0.0009870914800274532,0.00090035627596344,2.295435932449344,7.2285764164705935,0.20258567465609448,0.19285338096915744,1.0730428620979633,1.0103240116792218,0.07835493629012445,0.059187872528481573,0.31731570694971467,0.24349939671603685,0.45505525636439226,0.3832944975683332,implicit_als,0.023200452312238988
yelp,171561,103427,2356699,17744039547,1.6587641524940295,0.00013281637440886164,13.736799155985334,22.786110009958715,0.6806371436067867,0.4759959019516392,0.0009870914800274532,0.00090035627596344,2.295435932449344,7.2285764164705935,0.20258567465609448,0.19285338096915744,1.0730428620979633,1.0103240116792218,0.07835493629012445,0.059187872528481573,0.31731570694971467,0.24349939671603685,0.45505525636439226,0.3832944975683332,lightfm,0.016676611873973658
amazon_tv,49428,207194,2193340,10241185032,0.2385590316321901,0.00021416857454939107,44.37444363518654,10.585924302827301,0.40984364454033717,0.7002681467738949,0.0011714962249355157,0.0011451540426547383,2.7117600565231883,10.975276626506242,0.18673406706369997,0.13610069760351862,1.1034475521841662,2.515549906786452,0.08159108938878605,0.06653551205011535,0.5503763049283806,0.5952091931698632,0.3140583221521859,0.21642518605751132,sasrec,0.005054067585987235
amazon_tv,49428,207194,2193340,10241185032,0.2385590316321901,0.00021416857454939107,44.37444363518654,10.585924302827301,0.40984364454033717,0.7002681467738949,0.0011714962249355157,0.0011451540426547383,2.7117600565231883,10.975276626506242,0.18673406706369997,0.13610069760351862,1.1034475521841662,2.515549906786452,0.08159108938878605,0.06653551205011535,0.5503763049283806,0.5952091931698632,0.3140583221521859,0.21642518605751132,recbole_ItemKNN,0.003100506169961822
amazon_tv,49428,207194,2193340,10241185032,0.2385590316321901,0.00021416857454939107,44.37444363518654,10.585924302827301,0.40984364454033717,0.7002681467738949,0.0011714962249355157,0.0011451540426547383,2.7117600565231883,10.975276626506242,0.18673406706369997,0.13610069760351862,1.1034475521841662,2.515549906786452,0.08159108938878605,0.06653551205011535,0.5503763049283806,0.5952091931698632,0.3140583221521859,0.21642518605751132,recbole_EASE,0.012212126733130688
amazon_tv,49428,207194,2193340,10241185032,0.2385590316321901,0.00021416857454939107,44.37444363518654,10.585924302827301,0.40984364454033717,0.7002681467738949,0.0011714962249355157,0.0011451540426547383,2.7117600565231883,10.975276626506242,0.18673406706369997,0.13610069760351862,1.1034475521841662,2.515549906786452,0.08159108938878605,0.06653551205011535,0.5503763049283806,0.5952091931698632,0.3140583221521859,0.21642518605751132,recbole_MultiVAE,0.01005227089162418
amazon_tv,49428,207194,2193340,10241185032,0.2385590316321901,0.00021416857454939107,44.37444363518654,10.585924302827301,0.40984364454033717,0.7002681467738949,0.0011714962249355157,0.0011451540426547383,2.7117600565231883,10.975276626506242,0.18673406706369997,0.13610069760351862,1.1034475521841662,2.515549906786452,0.08159108938878605,0.06653551205011535,0.5503763049283806,0.5952091931698632,0.3140583221521859,0.21642518605751132,implicit_bpr,3.347454824378443e-05
amazon_tv,49428,207194,2193340,10241185032,0.2385590316321901,0.00021416857454939107,44.37444363518654,10.585924302827301,0.40984364454033717,0.7002681467738949,0.0011714962249355157,0.0011451540426547383,2.7117600565231883,10.975276626506242,0.18673406706369997,0.13610069760351862,1.1034475521841662,2.515549906786452,0.08159108938878605,0.06653551205011535,0.5503763049283806,0.5952091931698632,0.3140583221521859,0.21642518605751132,implicit_als,6.400880404012021e-05
amazon_tv,49428,207194,2193340,10241185032,0.2385590316321901,0.00021416857454939107,44.37444363518654,10.585924302827301,0.40984364454033717,0.7002681467738949,0.0011714962249355157,0.0011451540426547383,2.7117600565231883,10.975276626506242,0.18673406706369997,0.13610069760351862,1.1034475521841662,2.515549906786452,0.08159108938878605,0.06653551205011535,0.5503763049283806,0.5952091931698632,0.3140583221521859,0.21642518605751132,lightfm,0.00658895698339874
rekko,18920,4302,214814,81393840,4.397954439795444,0.0026391923516570787,11.353805496828752,49.93351929335193,0.7214920709195825,0.37536345978965624,0.024912248753275443,0.01426869836636328,0.9222332161226768,0.9237793301497375,0.16562317703156101,0.1689824784643789,1.182732111193152,1.5678887687638356,0.09049689498822237,0.08319755695625053,0.4273784355179704,0.3615750528541226,0.7045560204556021,0.7173407717340772,sasrec,0.04056572172520352
rekko,18920,4302,214814,81393840,4.397954439795444,0.0026391923516570787,11.353805496828752,49.93351929335193,0.7214920709195825,0.37536345978965624,0.024912248753275443,0.01426869836636328,0.9222332161226768,0.9237793301497375,0.16562317703156101,0.1689824784643789,1.182732111193152,1.5678887687638356,0.09049689498822237,0.08319755695625053,0.4273784355179704,0.3615750528541226,0.7045560204556021,0.7173407717340772,recbole_ItemKNN,0.04803971985349508
rekko,18920,4302,214814,81393840,4.397954439795444,0.0026391923516570787,11.353805496828752,49.93351929335193,0.7214920709195825,0.37536345978965624,0.024912248753275443,0.01426869836636328,0.9222332161226768,0.9237793301497375,0.16562317703156101,0.1689824784643789,1.182732111193152,1.5678887687638356,0.09049689498822237,0.08319755695625053,0.4273784355179704,0.3615750528541226,0.7045560204556021,0.7173407717340772,recbole_EASE,0.057270343478081076
rekko,18920,4302,214814,81393840,4.397954439795444,0.0026391923516570787,11.353805496828752,49.93351929335193,0.7214920709195825,0.37536345978965624,0.024912248753275443,0.01426869836636328,0.9222332161226768,0.9237793301497375,0.16562317703156101,0.1689824784643789,1.182732111193152,1.5678887687638356,0.09049689498822237,0.08319755695625053,0.4273784355179704,0.3615750528541226,0.7045560204556021,0.7173407717340772,recbole_MultiVAE,0.05142795798101237
rekko,18920,4302,214814,81393840,4.397954439795444,0.0026391923516570787,11.353805496828752,49.93351929335193,0.7214920709195825,0.37536345978965624,0.024912248753275443,0.01426869836636328,0.9222332161226768,0.9237793301497375,0.16562317703156101,0.1689824784643789,1.182732111193152,1.5678887687638356,0.09049689498822237,0.08319755695625053,0.4273784355179704,0.3615750528541226,0.7045560204556021,0.7173407717340772,implicit_bpr,0.03627045789194447
rekko,18920,4302,214814,81393840,4.397954439795444,0.0026391923516570787,11.353805496828752,49.93351929335193,0.7214920709195825,0.37536345978965624,0.024912248753275443,0.01426869836636328,0.9222332161226768,0.9237793301497375,0.16562317703156101,0.1689824784643789,1.182732111193152,1.5678887687638356,0.09049689498822237,0.08319755695625053,0.4273784355179704,0.3615750528541226,0.7045560204556021,0.7173407717340772,implicit_als,0.055082729434029816
rekko,18920,4302,214814,81393840,4.397954439795444,0.0026391923516570787,11.353805496828752,49.93351929335193,0.7214920709195825,0.37536345978965624,0.024912248753275443,0.01426869836636328,0.9222332161226768,0.9237793301497375,0.16562317703156101,0.1689824784643789,1.182732111193152,1.5678887687638356,0.09049689498822237,0.08319755695625053,0.4273784355179704,0.3615750528541226,0.7045560204556021,0.7173407717340772,lightfm,0.056164053097296315
goodreads,78097,99350,1994322,7758936950,0.7860795168595873,0.00025703546927263016,25.53647387223581,20.0736990437846,0.6192519740501745,0.5520534979913765,0.0037426830577962826,0.003487386154913089,1.543572305053148,2.9367242923443744,0.19252000517087087,0.18827334554679603,1.2452122472137814,1.5890941841362798,0.06875319030728237,0.05850760308515877,0.44492105970779927,0.3974160339065521,0.398842476094615,0.3799899345747358,sasrec,0.010875862353370387
goodreads,78097,99350,1994322,7758936950,0.7860795168595873,0.00025703546927263016,25.53647387223581,20.0736990437846,0.6192519740501745,0.5520534979913765,0.0037426830577962826,0.003487386154913089,1.543572305053148,2.9367242923443744,0.19252000517087087,0.18827334554679603,1.2452122472137814,1.5890941841362798,0.06875319030728237,0.05850760308515877,0.44492105970779927,0.3974160339065521,0.398842476094615,0.3799899345747358,recbole_ItemKNN,0.019397185851987603
goodreads,78097,99350,1994322,7758936950,0.7860795168595873,0.00025703546927263016,25.53647387223581,20.0736990437846,0.6192519740501745,0.5520534979913765,0.0037426830577962826,0.003487386154913089,1.543572305053148,2.9367242923443744,0.19252000517087087,0.18827334554679603,1.2452122472137814,1.5890941841362798,0.06875319030728237,0.05850760308515877,0.44492105970779927,0.3974160339065521,0.398842476094615,0.3799899345747358,recbole_EASE,0.02049651188498854
goodreads,78097,99350,1994322,7758936950,0.7860795168595873,0.00025703546927263016,25.53647387223581,20.0736990437846,0.6192519740501745,0.5520534979913765,0.0037426830577962826,0.003487386154913089,1.543572305053148,2.9367242923443744,0.19252000517087087,0.18827334554679603,1.2452122472137814,1.5890941841362798,0.06875319030728237,0.05850760308515877,0.44492105970779927,0.3974160339065521,0.398842476094615,0.3799899345747358,recbole_MultiVAE,0.0137516530438726
goodreads,78097,99350,1994322,7758936950,0.7860795168595873,0.00025703546927263016,25.53647387223581,20.0736990437846,0.6192519740501745,0.5520534979913765,0.0037426830577962826,0.003487386154913089,1.543572305053148,2.9367242923443744,0.19252000517087087,0.18827334554679603,1.2452122472137814,1.5890941841362798,0.06875319030728237,0.05850760308515877,0.44492105970779927,0.3974160339065521,0.398842476094615,0.3799899345747358,implicit_bpr,0.0015663077583747565
goodreads,78097,99350,1994322,7758936950,0.7860795168595873,0.00025703546927263016,25.53647387223581,20.0736990437846,0.6192519740501745,0.5520534979913765,0.0037426830577962826,0.003487386154913089,1.543572305053148,2.9367242923443744,0.19252000517087087,0.18827334554679603,1.2452122472137814,1.5890941841362798,0.06875319030728237,0.05850760308515877,0.44492105970779927,0.3974160339065521,0.398842476094615,0.3799899345747358,implicit_als,0.002645924738082541
goodreads,78097,99350,1994322,7758936950,0.7860795168595873,0.00025703546927263016,25.53647387223581,20.0736990437846,0.6192519740501745,0.5520534979913765,0.0037426830577962826,0.003487386154913089,1.543572305053148,2.9367242923443744,0.19252000517087087,0.18827334554679603,1.2452122472137814,1.5890941841362798,0.06875319030728237,0.05850760308515877,0.44492105970779927,0.3974160339065521,0.398842476094615,0.3799899345747358,lightfm,0.01257865604433404
beeradvocate,11631,17326,1108439,201518706,0.6713032436800185,0.005500427339981034,95.30040409251139,63.975470391319405,0.7462211832548151,0.7329233112085394,0.05369989471064829,0.022478836700586504,0.7014177521660282,0.8925404101623564,0.15146852624023213,0.14650915541631115,1.5966126201573094,3.5969717283018863,0.0813675808952951,0.06013952955462592,0.33169976786174876,0.26326197231536413,0.549001500634884,0.5111393281773058,sasrec,0.04445763481207847
beeradvocate,11631,17326,1108439,201518706,0.6713032436800185,0.005500427339981034,95.30040409251139,63.975470391319405,0.7462211832548151,0.7329233112085394,0.05369989471064829,0.022478836700586504,0.7014177521660282,0.8925404101623564,0.15146852624023213,0.14650915541631115,1.5966126201573094,3.5969717283018863,0.0813675808952951,0.06013952955462592,0.33169976786174876,0.26326197231536413,0.549001500634884,0.5111393281773058,recbole_ItemKNN,0.06393801232908035
beeradvocate,11631,17326,1108439,201518706,0.6713032436800185,0.005500427339981034,95.30040409251139,63.975470391319405,0.7462211832548151,0.7329233112085394,0.05369989471064829,0.022478836700586504,0.7014177521660282,0.8925404101623564,0.15146852624023213,0.14650915541631115,1.5966126201573094,3.5969717283018863,0.0813675808952951,0.06013952955462592,0.33169976786174876,0.26326197231536413,0.549001500634884,0.5111393281773058,recbole_EASE,0.06867575709697157
beeradvocate,11631,17326,1108439,201518706,0.6713032436800185,0.005500427339981034,95.30040409251139,63.975470391319405,0.7462211832548151,0.7329233112085394,0.05369989471064829,0.022478836700586504,0.7014177521660282,0.8925404101623564,0.15146852624023213,0.14650915541631115,1.5966126201573094,3.5969717283018863,0.0813675808952951,0.06013952955462592,0.33169976786174876,0.26326197231536413,0.549001500634884,0.5111393281773058,recbole_MultiVAE,0.05979962519430036
beeradvocate,11631,17326,1108439,201518706,0.6713032436800185,0.005500427339981034,95.30040409251139,63.975470391319405,0.7462211832548151,0.7329233112085394,0.05369989471064829,0.022478836700586504,0.7014177521660282,0.8925404101623564,0.15146852624023213,0.14650915541631115,1.5966126201573094,3.5969717283018863,0.0813675808952951,0.06013952955462592,0.33169976786174876,0.26326197231536413,0.549001500634884,0.5111393281773058,implicit_bpr,0.056262229636369364
beeradvocate,11631,17326,1108439,201518706,0.6713032436800185,0.005500427339981034,95.30040409251139,63.975470391319405,0.7462211832548151,0.7329233112085394,0.05369989471064829,0.022478836700586504,0.7014177521660282,0.8925404101623564,0.15146852624023213,0.14650915541631115,1.5966126201573094,3.5969717283018863,0.0813675808952951,0.06013952955462592,0.33169976786174876,0.26326197231536413,0.549001500634884,0.5111393281773058,implicit_als,0.06814645893642553
beeradvocate,11631,17326,1108439,201518706,0.6713032436800185,0.005500427339981034,95.30040409251139,63.975470391319405,0.7462211832548151,0.7329233112085394,0.05369989471064829,0.022478836700586504,0.7014177521660282,0.8925404101623564,0.15146852624023213,0.14650915541631115,1.5966126201573094,3.5969717283018863,0.0813675808952951,0.06013952955462592,0.33169976786174876,0.26326197231536413,0.549001500634884,0.5111393281773058,lightfm,0.06219583318608471
douban_movies,2464,13580,629831,33461120,0.18144329896907216,0.018822771024998564,255.6132305194805,46.37930780559647,0.66561896514236,0.5020983223088953,0.10341710091309599,0.03378813336653994,0.8847382784327958,2.79951456528595,0.16079272341665676,0.11163668514652234,0.9592790873580181,0.9645452573106166,0.07978330695059468,0.052938010355158764,0.8234577922077922,0.8327922077922078,0.6367452135493372,0.551620029455081,sasrec,0.019296863996089084
douban_movies,2464,13580,629831,33461120,0.18144329896907216,0.018822771024998564,255.6132305194805,46.37930780559647,0.66561896514236,0.5020983223088953,0.10341710091309599,0.03378813336653994,0.8847382784327958,2.79951456528595,0.16079272341665676,0.11163668514652234,0.9592790873580181,0.9645452573106166,0.07978330695059468,0.052938010355158764,0.8234577922077922,0.8327922077922078,0.6367452135493372,0.551620029455081,recbole_ItemKNN,0.02066883478324661
douban_movies,2464,13580,629831,33461120,0.18144329896907216,0.018822771024998564,255.6132305194805,46.37930780559647,0.66561896514236,0.5020983223088953,0.10341710091309599,0.03378813336653994,0.8847382784327958,2.79951456528595,0.16079272341665676,0.11163668514652234,0.9592790873580181,0.9645452573106166,0.07978330695059468,0.052938010355158764,0.8234577922077922,0.8327922077922078,0.6367452135493372,0.551620029455081,recbole_EASE,0.020436985761351008
douban_movies,2464,13580,629831,33461120,0.18144329896907216,0.018822771024998564,255.6132305194805,46.37930780559647,0.66561896514236,0.5020983223088953,0.10341710091309599,0.03378813336653994,0.8847382784327958,2.79951456528595,0.16079272341665676,0.11163668514652234,0.9592790873580181,0.9645452573106166,0.07978330695059468,0.052938010355158764,0.8234577922077922,0.8327922077922078,0.6367452135493372,0.551620029455081,recbole_MultiVAE,0.01959145688782956
douban_movies,2464,13580,629831,33461120,0.18144329896907216,0.018822771024998564,255.6132305194805,46.37930780559647,0.66561896514236,0.5020983223088953,0.10341710091309599,0.03378813336653994,0.8847382784327958,2.79951456528595,0.16079272341665676,0.11163668514652234,0.9592790873580181,0.9645452573106166,0.07978330695059468,0.052938010355158764,0.8234577922077922,0.8327922077922078,0.6367452135493372,0.551620029455081,implicit_bpr,0.01964368778677734
douban_movies,2464,13580,629831,33461120,0.18144329896907216,0.018822771024998564,255.6132305194805,46.37930780559647,0.66561896514236,0.5020983223088953,0.10341710091309599,0.03378813336653994,0.8847382784327958,2.79951456528595,0.16079272341665676,0.11163668514652234,0.9592790873580181,0.9645452573106166,0.07978330695059468,0.052938010355158764,0.8234577922077922,0.8327922077922078,0.6367452135493372,0.551620029455081,implicit_als,0.02135837945510996
douban_movies,2464,13580,629831,33461120,0.18144329896907216,0.018822771024998564,255.6132305194805,46.37930780559647,0.66561896514236,0.5020983223088953,0.10341710091309599,0.03378813336653994,0.8847382784327958,2.79951456528595,0.16079272341665676,0.11163668514652234,0.9592790873580181,0.9645452573106166,0.07978330695059468,0.052938010355158764,0.8234577922077922,0.8327922077922078,0.6367452135493372,0.551620029455081,lightfm,0.022568962605515882
kuairec_small,1411,2909,3354072,4104599,0.48504640770024066,0.8171497386224574,2377.0885896527284,1152.9982811962873,0.10915979041701362,0.053033724135459925,0.8796913987269603,0.005599794987364586,-0.7043177282251694,1.3371512530016894,0.19984981381860867,0.013534600260020633,-0.44676585581396744,1.1928902651878577,0.06303203986080204,0.024934467715660248,1.0,1.0,0.642488827775868,0.5128910278446202,sasrec,0.4111678007716443
kuairec_small,1411,2909,3354072,4104599,0.48504640770024066,0.8171497386224574,2377.0885896527284,1152.9982811962873,0.10915979041701362,0.053033724135459925,0.8796913987269603,0.005599794987364586,-0.7043177282251694,1.3371512530016894,0.19984981381860867,0.013534600260020633,-0.44676585581396744,1.1928902651878577,0.06303203986080204,0.024934467715660248,1.0,1.0,0.642488827775868,0.5128910278446202,recbole_ItemKNN,0.09152194047224092
kuairec_small,1411,2909,3354072,4104599,0.48504640770024066,0.8171497386224574,2377.0885896527284,1152.9982811962873,0.10915979041701362,0.053033724135459925,0.8796913987269603,0.005599794987364586,-0.7043177282251694,1.3371512530016894,0.19984981381860867,0.013534600260020633,-0.44676585581396744,1.1928902651878577,0.06303203986080204,0.024934467715660248,1.0,1.0,0.642488827775868,0.5128910278446202,recbole_EASE,0.16774345190836296
kuairec_small,1411,2909,3354072,4104599,0.48504640770024066,0.8171497386224574,2377.0885896527284,1152.9982811962873,0.10915979041701362,0.053033724135459925,0.8796913987269603,0.005599794987364586,-0.7043177282251694,1.3371512530016894,0.19984981381860867,0.013534600260020633,-0.44676585581396744,1.1928902651878577,0.06303203986080204,0.024934467715660248,1.0,1.0,0.642488827775868,0.5128910278446202,recbole_MultiVAE,0.08790390807466775
kuairec_small,1411,2909,3354072,4104599,0.48504640770024066,0.8171497386224574,2377.0885896527284,1152.9982811962873,0.10915979041701362,0.053033724135459925,0.8796913987269603,0.005599794987364586,-0.7043177282251694,1.3371512530016894,0.19984981381860867,0.013534600260020633,-0.44676585581396744,1.1928902651878577,0.06303203986080204,0.024934467715660248,1.0,1.0,0.642488827775868,0.5128910278446202,implicit_bpr,0.011932319324095077
kuairec_small,1411,2909,3354072,4104599,0.48504640770024066,0.8171497386224574,2377.0885896527284,1152.9982811962873,0.10915979041701362,0.053033724135459925,0.8796913987269603,0.005599794987364586,-0.7043177282251694,1.3371512530016894,0.19984981381860867,0.013534600260020633,-0.44676585581396744,1.1928902651878577,0.06303203986080204,0.024934467715660248,1.0,1.0,0.642488827775868,0.5128910278446202,implicit_als,0.01541219468460576
kuairec_small,1411,2909,3354072,4104599,0.48504640770024066,0.8171497386224574,2377.0885896527284,1152.9982811962873,0.10915979041701362,0.053033724135459925,0.8796913987269603,0.005599794987364586,-0.7043177282251694,1.3371512530016894,0.19984981381860867,0.013534600260020633,-0.44676585581396744,1.1928902651878577,0.06303203986080204,0.024934467715660248,1.0,1.0,0.642488827775868,0.5128910278446202,lightfm,0.11020740408825937
douban_music,992,4714,45489,4676288,0.21043699618158676,0.009727587351335077,45.85584677419355,9.649766652524395,0.3350693035760548,0.6032485039985209,0.017345715467796764,0.005874240507144888,1.3091665877166192,3.7155276584563364,0.18900300528196193,0.1279326104610132,1.044328931667526,3.383793346984091,0.0620589593088439,0.043812789905251816,0.4324596774193548,0.3487903225806452,0.37781077641069155,0.3103521425540942,sasrec,0.012110961241333986
douban_music,992,4714,45489,4676288,0.21043699618158676,0.009727587351335077,45.85584677419355,9.649766652524395,0.3350693035760548,0.6032485039985209,0.017345715467796764,0.005874240507144888,1.3091665877166192,3.7155276584563364,0.18900300528196193,0.1279326104610132,1.044328931667526,3.383793346984091,0.0620589593088439,0.043812789905251816,0.4324596774193548,0.3487903225806452,0.37781077641069155,0.3103521425540942,recbole_ItemKNN,0.011529131171338577
douban_music,992,4714,45489,4676288,0.21043699618158676,0.009727587351335077,45.85584677419355,9.649766652524395,0.3350693035760548,0.6032485039985209,0.017345715467796764,0.005874240507144888,1.3091665877166192,3.7155276584563364,0.18900300528196193,0.1279326104610132,1.044328931667526,3.383793346984091,0.0620589593088439,0.043812789905251816,0.4324596774193548,0.3487903225806452,0.37781077641069155,0.3103521425540942,recbole_EASE,0.010760561534614688
douban_music,992,4714,45489,4676288,0.21043699618158676,0.009727587351335077,45.85584677419355,9.649766652524395,0.3350693035760548,0.6032485039985209,0.017345715467796764,0.005874240507144888,1.3091665877166192,3.7155276584563364,0.18900300528196193,0.1279326104610132,1.044328931667526,3.383793346984091,0.0620589593088439,0.043812789905251816,0.4324596774193548,0.3487903225806452,0.37781077641069155,0.3103521425540942,recbole_MultiVAE,0.009433251443552998
douban_music,992,4714,45489,4676288,0.21043699618158676,0.009727587351335077,45.85584677419355,9.649766652524395,0.3350693035760548,0.6032485039985209,0.017345715467796764,0.005874240507144888,1.3091665877166192,3.7155276584563364,0.18900300528196193,0.1279326104610132,1.044328931667526,3.383793346984091,0.0620589593088439,0.043812789905251816,0.4324596774193548,0.3487903225806452,0.37781077641069155,0.3103521425540942,implicit_bpr,0.015677871666298214
douban_music,992,4714,45489,4676288,0.21043699618158676,0.009727587351335077,45.85584677419355,9.649766652524395,0.3350693035760548,0.6032485039985209,0.017345715467796764,0.005874240507144888,1.3091665877166192,3.7155276584563364,0.18900300528196193,0.1279326104610132,1.044328931667526,3.383793346984091,0.0620589593088439,0.043812789905251816,0.4324596774193548,0.3487903225806452,0.37781077641069155,0.3103521425540942,implicit_als,0.014853905982392616
douban_music,992,4714,45489,4676288,0.21043699618158676,0.009727587351335077,45.85584677419355,9.649766652524395,0.3350693035760548,0.6032485039985209,0.017345715467796764,0.005874240507144888,1.3091665877166192,3.7155276584563364,0.18900300528196193,0.1279326104610132,1.044328931667526,3.383793346984091,0.0620589593088439,0.043812789905251816,0.4324596774193548,0.3487903225806452,0.37781077641069155,0.3103521425540942,lightfm,0.012649452187097879
reddit,3777,3951,69979,14922927,0.955960516324981,0.0046893615441528326,18.527667460947843,17.71171855226525,0.6153642579182084,0.5272421475364941,0.036852281847522046,0.025407344698826318,1.0521034698955354,1.2123105758658985,0.21398243014173635,0.17990342335528214,1.2704940636268856,2.149987917151061,0.09204189828377085,0.0852255676703011,0.5642043950225046,0.5438178448504104,0.5173373829410276,0.4940521386990635,sasrec,0.056879314549295276
reddit,3777,3951,69979,14922927,0.955960516324981,0.0046893615441528326,18.527667460947843,17.71171855226525,0.6153642579182084,0.5272421475364941,0.036852281847522046,0.025407344698826318,1.0521034698955354,1.2123105758658985,0.21398243014173635,0.17990342335528214,1.2704940636268856,2.149987917151061,0.09204189828377085,0.0852255676703011,0.5642043950225046,0.5438178448504104,0.5173373829410276,0.4940521386990635,recbole_ItemKNN,0.09049810950662188
reddit,3777,3951,69979,14922927,0.955960516324981,0.0046893615441528326,18.527667460947843,17.71171855226525,0.6153642579182084,0.5272421475364941,0.036852281847522046,0.025407344698826318,1.0521034698955354,1.2123105758658985,0.21398243014173635,0.17990342335528214,1.2704940636268856,2.149987917151061,0.09204189828377085,0.0852255676703011,0.5642043950225046,0.5438178448504104,0.5173373829410276,0.4940521386990635,recbole_EASE,0.10455576198143736
reddit,3777,3951,69979,14922927,0.955960516324981,0.0046893615441528326,18.527667460947843,17.71171855226525,0.6153642579182084,0.5272421475364941,0.036852281847522046,0.025407344698826318,1.0521034698955354,1.2123105758658985,0.21398243014173635,0.17990342335528214,1.2704940636268856,2.149987917151061,0.09204189828377085,0.0852255676703011,0.5642043950225046,0.5438178448504104,0.5173373829410276,0.4940521386990635,recbole_MultiVAE,0.09825441584568363
reddit,3777,3951,69979,14922927,0.955960516324981,0.0046893615441528326,18.527667460947843,17.71171855226525,0.6153642579182084,0.5272421475364941,0.036852281847522046,0.025407344698826318,1.0521034698955354,1.2123105758658985,0.21398243014173635,0.17990342335528214,1.2704940636268856,2.149987917151061,0.09204189828377085,0.0852255676703011,0.5642043950225046,0.5438178448504104,0.5173373829410276,0.4940521386990635,implicit_bpr,0.0032835132432778137
reddit,3777,3951,69979,14922927,0.955960516324981,0.0046893615441528326,18.527667460947843,17.71171855226525,0.6153642579182084,0.5272421475364941,0.036852281847522046,0.025407344698826318,1.0521034698955354,1.2123105758658985,0.21398243014173635,0.17990342335528214,1.2704940636268856,2.149987917151061,0.09204189828377085,0.0852255676703011,0.5642043950225046,0.5438178448504104,0.5173373829410276,0.4940521386990635,implicit_als,0.003801713328218545
reddit,3777,3951,69979,14922927,0.955960516324981,0.0046893615441528326,18.527667460947843,17.71171855226525,0.6153642579182084,0.5272421475364941,0.036852281847522046,0.025407344698826318,1.0521034698955354,1.2123105758658985,0.21398243014173635,0.17990342335528214,1.2704940636268856,2.149987917151061,0.09204189828377085,0.0852255676703011,0.5642043950225046,0.5438178448504104,0.5173373829410276,0.4940521386990635,lightfm,0.07936244776157175
food,15688,45278,506669,710321264,0.346481735058969,0.0007132955546717239,32.296596124426316,11.190180661690004,0.48936904188205743,0.6720865491762125,0.004429741441281386,0.003434230339508994,1.9239625629591777,5.908296164836223,0.1676373942031081,0.1423170375612068,1.034942425475242,1.5317440340567687,0.08708249369904218,0.0694911273434925,0.41420193778684344,0.2900305966343702,0.4376518397455718,0.36359821546888116,sasrec,0.01588565806365815
food,15688,45278,506669,710321264,0.346481735058969,0.0007132955546717239,32.296596124426316,11.190180661690004,0.48936904188205743,0.6720865491762125,0.004429741441281386,0.003434230339508994,1.9239625629591777,5.908296164836223,0.1676373942031081,0.1423170375612068,1.034942425475242,1.5317440340567687,0.08708249369904218,0.0694911273434925,0.41420193778684344,0.2900305966343702,0.4376518397455718,0.36359821546888116,recbole_ItemKNN,0.007328025360970931
food,15688,45278,506669,710321264,0.346481735058969,0.0007132955546717239,32.296596124426316,11.190180661690004,0.48936904188205743,0.6720865491762125,0.004429741441281386,0.003434230339508994,1.9239625629591777,5.908296164836223,0.1676373942031081,0.1423170375612068,1.034942425475242,1.5317440340567687,0.08708249369904218,0.0694911273434925,0.41420193778684344,0.2900305966343702,0.4376518397455718,0.36359821546888116,recbole_EASE,0.016828544966631828
food,15688,45278,506669,710321264,0.346481735058969,0.0007132955546717239,32.296596124426316,11.190180661690004,0.48936904188205743,0.6720865491762125,0.004429741441281386,0.003434230339508994,1.9239625629591777,5.908296164836223,0.1676373942031081,0.1423170375612068,1.034942425475242,1.5317440340567687,0.08708249369904218,0.0694911273434925,0.41420193778684344,0.2900305966343702,0.4376518397455718,0.36359821546888116,recbole_MultiVAE,0.007939071715932939
food,15688,45278,506669,710321264,0.346481735058969,0.0007132955546717239,32.296596124426316,11.190180661690004,0.48936904188205743,0.6720865491762125,0.004429741441281386,0.003434230339508994,1.9239625629591777,5.908296164836223,0.1676373942031081,0.1423170375612068,1.034942425475242,1.5317440340567687,0.08708249369904218,0.0694911273434925,0.41420193778684344,0.2900305966343702,0.4376518397455718,0.36359821546888116,implicit_bpr,0.016134591014211216
food,15688,45278,506669,710321264,0.346481735058969,0.0007132955546717239,32.296596124426316,11.190180661690004,0.48936904188205743,0.6720865491762125,0.004429741441281386,0.003434230339508994,1.9239625629591777,5.908296164836223,0.1676373942031081,0.1423170375612068,1.034942425475242,1.5317440340567687,0.08708249369904218,0.0694911273434925,0.41420193778684344,0.2900305966343702,0.4376518397455718,0.36359821546888116,implicit_als,0.01725521898341183
food,15688,45278,506669,710321264,0.346481735058969,0.0007132955546717239,32.296596124426316,11.190180661690004,0.48936904188205743,0.6720865491762125,0.004429741441281386,0.003434230339508994,1.9239625629591777,5.908296164836223,0.1676373942031081,0.1423170375612068,1.034942425475242,1.5317440340567687,0.08708249369904218,0.0694911273434925,0.41420193778684344,0.2900305966343702,0.4376518397455718,0.36359821546888116,lightfm,0.016138459607866324
douban_books,1468,5502,61842,8076936,0.2668120683387859,0.007656616320842458,42.1267029972752,11.239912758996729,0.393893630660769,0.5321524588815226,0.02091263424553404,0.011362470853384446,2.246894898451085,8.676927222932445,0.18799232973377009,0.11921220081985223,0.9452860286543279,2.478761474262913,0.07708353546133695,0.0636460657805375,0.603542234332425,0.5762942779291553,0.44820065430752454,0.38785896037804435,sasrec,0.01740775167723297
douban_books,1468,5502,61842,8076936,0.2668120683387859,0.007656616320842458,42.1267029972752,11.239912758996729,0.393893630660769,0.5321524588815226,0.02091263424553404,0.011362470853384446,2.246894898451085,8.676927222932445,0.18799232973377009,0.11921220081985223,0.9452860286543279,2.478761474262913,0.07708353546133695,0.0636460657805375,0.603542234332425,0.5762942779291553,0.44820065430752454,0.38785896037804435,recbole_ItemKNN,0.01907420919707312
douban_books,1468,5502,61842,8076936,0.2668120683387859,0.007656616320842458,42.1267029972752,11.239912758996729,0.393893630660769,0.5321524588815226,0.02091263424553404,0.011362470853384446,2.246894898451085,8.676927222932445,0.18799232973377009,0.11921220081985223,0.9452860286543279,2.478761474262913,0.07708353546133695,0.0636460657805375,0.603542234332425,0.5762942779291553,0.44820065430752454,0.38785896037804435,recbole_EASE,0.01990823513510055
douban_books,1468,5502,61842,8076936,0.2668120683387859,0.007656616320842458,42.1267029972752,11.239912758996729,0.393893630660769,0.5321524588815226,0.02091263424553404,0.011362470853384446,2.246894898451085,8.676927222932445,0.18799232973377009,0.11921220081985223,0.9452860286543279,2.478761474262913,0.07708353546133695,0.0636460657805375,0.603542234332425,0.5762942779291553,0.44820065430752454,0.38785896037804435,recbole_MultiVAE,0.017792680381385387
douban_books,1468,5502,61842,8076936,0.2668120683387859,0.007656616320842458,42.1267029972752,11.239912758996729,0.393893630660769,0.5321524588815226,0.02091263424553404,0.011362470853384446,2.246894898451085,8.676927222932445,0.18799232973377009,0.11921220081985223,0.9452860286543279,2.478761474262913,0.07708353546133695,0.0636460657805375,0.603542234332425,0.5762942779291553,0.44820065430752454,0.38785896037804435,implicit_bpr,0.006786438503882762
douban_books,1468,5502,61842,8076936,0.2668120683387859,0.007656616320842458,42.1267029972752,11.239912758996729,0.393893630660769,0.5321524588815226,0.02091263424553404,0.011362470853384446,2.246894898451085,8.676927222932445,0.18799232973377009,0.11921220081985223,0.9452860286543279,2.478761474262913,0.07708353546133695,0.0636460657805375,0.603542234332425,0.5762942779291553,0.44820065430752454,0.38785896037804435,implicit_als,0.00669341171905849
douban_books,1468,5502,61842,8076936,0.2668120683387859,0.007656616320842458,42.1267029972752,11.239912758996729,0.393893630660769,0.5321524588815226,0.02091263424553404,0.011362470853384446,2.246894898451085,8.676927222932445,0.18799232973377009,0.11921220081985223,0.9452860286543279,2.478761474262913,0.07708353546133695,0.0636460657805375,0.603542234332425,0.5762942779291553,0.44820065430752454,0.38785896037804435,lightfm,0.022771066434122512
retail,29186,49619,314191,1448180134,0.5882021000020153,0.00021695574509241267,10.765127115740423,6.332070376267156,0.5636643021145324,0.4330559668654904,0.0007646536344811264,0.0006709204814133124,2.2741944256921656,7.255868066392187,0.20830756087616972,0.23501146890994615,1.2717463286362276,1.1515488132466958,0.041248794523076726,0.030475093175807072,0.09422325772630713,0.07870211745357363,0.17380438944759063,0.1360365988834922,sasrec,0.005890127889057722
retail,29186,49619,314191,1448180134,0.5882021000020153,0.00021695574509241267,10.765127115740423,6.332070376267156,0.5636643021145324,0.4330559668654904,0.0007646536344811264,0.0006709204814133124,2.2741944256921656,7.255868066392187,0.20830756087616972,0.23501146890994615,1.2717463286362276,1.1515488132466958,0.041248794523076726,0.030475093175807072,0.09422325772630713,0.07870211745357363,0.17380438944759063,0.1360365988834922,recbole_ItemKNN,0.02362694009525362
retail,29186,49619,314191,1448180134,0.5882021000020153,0.00021695574509241267,10.765127115740423,6.332070376267156,0.5636643021145324,0.4330559668654904,0.0007646536344811264,0.0006709204814133124,2.2741944256921656,7.255868066392187,0.20830756087616972,0.23501146890994615,1.2717463286362276,1.1515488132466958,0.041248794523076726,0.030475093175807072,0.09422325772630713,0.07870211745357363,0.17380438944759063,0.1360365988834922,recbole_EASE,0.034966077204675365
retail,29186,49619,314191,1448180134,0.5882021000020153,0.00021695574509241267,10.765127115740423,6.332070376267156,0.5636643021145324,0.4330559668654904,0.0007646536344811264,0.0006709204814133124,2.2741944256921656,7.255868066392187,0.20830756087616972,0.23501146890994615,1.2717463286362276,1.1515488132466958,0.041248794523076726,0.030475093175807072,0.09422325772630713,0.07870211745357363,0.17380438944759063,0.1360365988834922,recbole_MultiVAE,0.02517395253661177
retail,29186,49619,314191,1448180134,0.5882021000020153,0.00021695574509241267,10.765127115740423,6.332070376267156,0.5636643021145324,0.4330559668654904,0.0007646536344811264,0.0006709204814133124,2.2741944256921656,7.255868066392187,0.20830756087616972,0.23501146890994615,1.2717463286362276,1.1515488132466958,0.041248794523076726,0.030475093175807072,0.09422325772630713,0.07870211745357363,0.17380438944759063,0.1360365988834922,implicit_bpr,0.01634808596525011
retail,29186,49619,314191,1448180134,0.5882021000020153,0.00021695574509241267,10.765127115740423,6.332070376267156,0.5636643021145324,0.4330559668654904,0.0007646536344811264,0.0006709204814133124,2.2741944256921656,7.255868066392187,0.20830756087616972,0.23501146890994615,1.2717463286362276,1.1515488132466958,0.041248794523076726,0.030475093175807072,0.09422325772630713,0.07870211745357363,0.17380438944759063,0.1360365988834922,implicit_als,0.01845524290415311
retail,29186,49619,314191,1448180134,0.5882021000020153,0.00021695574509241267,10.765127115740423,6.332070376267156,0.5636643021145324,0.4330559668654904,0.0007646536344811264,0.0006709204814133124,2.2741944256921656,7.255868066392187,0.20830756087616972,0.23501146890994615,1.2717463286362276,1.1515488132466958,0.041248794523076726,0.030475093175807072,0.09422325772630713,0.07870211745357363,0.17380438944759063,0.1360365988834922,lightfm,0.012485980026974958
amazon_finefoods,13737,12297,128832,168923889,1.1171017321297878,0.000762663000258063,9.3784669141734,10.47670163454501,0.7375310767153687,0.30655836965098815,0.006021971822827576,0.005796208153791201,1.7447680087949284,3.908519621808974,0.19570382614317025,0.2880851979479189,1.544341020726656,1.3186678997858516,0.04666542473919523,0.03278688524590164,0.13510955812768435,0.10118657639950498,0.19053427665284214,0.1794746686183622,sasrec,0.002803676613134618
amazon_finefoods,13737,12297,128832,168923889,1.1171017321297878,0.000762663000258063,9.3784669141734,10.47670163454501,0.7375310767153687,0.30655836965098815,0.006021971822827576,0.005796208153791201,1.7447680087949284,3.908519621808974,0.19570382614317025,0.2880851979479189,1.544341020726656,1.3186678997858516,0.04666542473919523,0.03278688524590164,0.13510955812768435,0.10118657639950498,0.19053427665284214,0.1794746686183622,recbole_ItemKNN,0.019352728839686133
amazon_finefoods,13737,12297,128832,168923889,1.1171017321297878,0.000762663000258063,9.3784669141734,10.47670163454501,0.7375310767153687,0.30655836965098815,0.006021971822827576,0.005796208153791201,1.7447680087949284,3.908519621808974,0.19570382614317025,0.2880851979479189,1.544341020726656,1.3186678997858516,0.04666542473919523,0.03278688524590164,0.13510955812768435,0.10118657639950498,0.19053427665284214,0.1794746686183622,recbole_EASE,0.020416644548142918
amazon_finefoods,13737,12297,128832,168923889,1.1171017321297878,0.000762663000258063,9.3784669141734,10.47670163454501,0.7375310767153687,0.30655836965098815,0.006021971822827576,0.005796208153791201,1.7447680087949284,3.908519621808974,0.19570382614317025,0.2880851979479189,1.544341020726656,1.3186678997858516,0.04666542473919523,0.03278688524590164,0.13510955812768435,0.10118657639950498,0.19053427665284214,0.1794746686183622,recbole_MultiVAE,0.02298254006129694
amazon_finefoods,13737,12297,128832,168923889,1.1171017321297878,0.000762663000258063,9.3784669141734,10.47670163454501,0.7375310767153687,0.30655836965098815,0.006021971822827576,0.005796208153791201,1.7447680087949284,3.908519621808974,0.19570382614317025,0.2880851979479189,1.544341020726656,1.3186678997858516,0.04666542473919523,0.03278688524590164,0.13510955812768435,0.10118657639950498,0.19053427665284214,0.1794746686183622,implicit_bpr,0.015778763182778044
amazon_finefoods,13737,12297,128832,168923889,1.1171017321297878,0.000762663000258063,9.3784669141734,10.47670163454501,0.7375310767153687,0.30655836965098815,0.006021971822827576,0.005796208153791201,1.7447680087949284,3.908519621808974,0.19570382614317025,0.2880851979479189,1.544341020726656,1.3186678997858516,0.04666542473919523,0.03278688524590164,0.13510955812768435,0.10118657639950498,0.19053427665284214,0.1794746686183622,implicit_als,0.02162248929343064
amazon_finefoods,13737,12297,128832,168923889,1.1171017321297878,0.000762663000258063,9.3784669141734,10.47670163454501,0.7375310767153687,0.30655836965098815,0.006021971822827576,0.005796208153791201,1.7447680087949284,3.908519621808974,0.19570382614317025,0.2880851979479189,1.544341020726656,1.3186678997858516,0.04666542473919523,0.03278688524590164,0.13510955812768435,0.10118657639950498,0.19053427665284214,0.1794746686183622,lightfm,0.03701642748863482
amazon_cds,67844,108350,1102432,7350897400,0.6261559760036918,0.00014997243737887024,16.24951359000059,10.174730041532072,0.49543353417662506,0.5164154989706313,0.001120312875421247,0.0011863285222795026,2.519774805787116,9.271735982532284,0.21657347425535034,0.1635407790888676,0.9015745265554234,1.1435116662039686,0.06201108095556007,0.05323865780383733,0.43788691704498556,0.41260833677259595,0.20670050761421319,0.1776095985233041,sasrec,0.005283148555180315
amazon_cds,67844,108350,1102432,7350897400,0.6261559760036918,0.00014997243737887024,16.24951359000059,10.174730041532072,0.49543353417662506,0.5164154989706313,0.001120312875421247,0.0011863285222795026,2.519774805787116,9.271735982532284,0.21657347425535034,0.1635407790888676,0.9015745265554234,1.1435116662039686,0.06201108095556007,0.05323865780383733,0.43788691704498556,0.41260833677259595,0.20670050761421319,0.1776095985233041,recbole_ItemKNN,0.008063505344485494
amazon_cds,67844,108350,1102432,7350897400,0.6261559760036918,0.00014997243737887024,16.24951359000059,10.174730041532072,0.49543353417662506,0.5164154989706313,0.001120312875421247,0.0011863285222795026,2.519774805787116,9.271735982532284,0.21657347425535034,0.1635407790888676,0.9015745265554234,1.1435116662039686,0.06201108095556007,0.05323865780383733,0.43788691704498556,0.41260833677259595,0.20670050761421319,0.1776095985233041,recbole_EASE,0.014560356388545737
amazon_cds,67844,108350,1102432,7350897400,0.6261559760036918,0.00014997243737887024,16.24951359000059,10.174730041532072,0.49543353417662506,0.5164154989706313,0.001120312875421247,0.0011863285222795026,2.519774805787116,9.271735982532284,0.21657347425535034,0.1635407790888676,0.9015745265554234,1.1435116662039686,0.06201108095556007,0.05323865780383733,0.43788691704498556,0.41260833677259595,0.20670050761421319,0.1776095985233041,recbole_MultiVAE,0.013021795812628668
amazon_cds,67844,108350,1102432,7350897400,0.6261559760036918,0.00014997243737887024,16.24951359000059,10.174730041532072,0.49543353417662506,0.5164154989706313,0.001120312875421247,0.0011863285222795026,2.519774805787116,9.271735982532284,0.21657347425535034,0.1635407790888676,0.9015745265554234,1.1435116662039686,0.06201108095556007,0.05323865780383733,0.43788691704498556,0.41260833677259595,0.20670050761421319,0.1776095985233041,implicit_bpr,4.37094762051385e-05
amazon_cds,67844,108350,1102432,7350897400,0.6261559760036918,0.00014997243737887024,16.24951359000059,10.174730041532072,0.49543353417662506,0.5164154989706313,0.001120312875421247,0.0011863285222795026,2.519774805787116,9.271735982532284,0.21657347425535034,0.1635407790888676,0.9015745265554234,1.1435116662039686,0.06201108095556007,0.05323865780383733,0.43788691704498556,0.41260833677259595,0.20670050761421319,0.1776095985233041,implicit_als,0.0001066183698917859
amazon_cds,67844,108350,1102432,7350897400,0.6261559760036918,0.00014997243737887024,16.24951359000059,10.174730041532072,0.49543353417662506,0.5164154989706313,0.001120312875421247,0.0011863285222795026,2.519774805787116,9.271735982532284,0.21657347425535034,0.1635407790888676,0.9015745265554234,1.1435116662039686,0.06201108095556007,0.05323865780383733,0.43788691704498556,0.41260833677259595,0.20670050761421319,0.1776095985233041,lightfm,0.00839457466691035
gowalla,59102,172770,1950658,10211052540,0.34208485269433353,0.00019103397934332832,33.00494061114683,11.290490247149389,0.45359345321995037,0.558556451634237,0.0012107521361357338,0.0013914779100935896,2.735138193271977,12.203036161813808,0.21873055931353194,0.16838798650142942,1.1151473658993465,1.559600865658883,0.08588486551717421,0.06875372310266586,0.4659740787113803,0.41013840479171604,0.468981883428836,0.39879608728367194,sasrec,0.04832105337965599
gowalla,59102,172770,1950658,10211052540,0.34208485269433353,0.00019103397934332832,33.00494061114683,11.290490247149389,0.45359345321995037,0.558556451634237,0.0012107521361357338,0.0013914779100935896,2.735138193271977,12.203036161813808,0.21873055931353194,0.16838798650142942,1.1151473658993465,1.559600865658883,0.08588486551717421,0.06875372310266586,0.4659740787113803,0.41013840479171604,0.468981883428836,0.39879608728367194,recbole_ItemKNN,0.06689957633693372
gowalla,59102,172770,1950658,10211052540,0.34208485269433353,0.00019103397934332832,33.00494061114683,11.290490247149389,0.45359345321995037,0.558556451634237,0.0012107521361357338,0.0013914779100935896,2.735138193271977,12.203036161813808,0.21873055931353194,0.16838798650142942,1.1151473658993465,1.559600865658883,0.08588486551717421,0.06875372310266586,0.4659740787113803,0.41013840479171604,0.468981883428836,0.39879608728367194,recbole_EASE,0.10472391666997076
gowalla,59102,172770,1950658,10211052540,0.34208485269433353,0.00019103397934332832,33.00494061114683,11.290490247149389,0.45359345321995037,0.558556451634237,0.0012107521361357338,0.0013914779100935896,2.735138193271977,12.203036161813808,0.21873055931353194,0.16838798650142942,1.1151473658993465,1.559600865658883,0.08588486551717421,0.06875372310266586,0.4659740787113803,0.41013840479171604,0.468981883428836,0.39879608728367194,recbole_MultiVAE,0.08320533321887986
gowalla,59102,172770,1950658,10211052540,0.34208485269433353,0.00019103397934332832,33.00494061114683,11.290490247149389,0.45359345321995037,0.558556451634237,0.0012107521361357338,0.0013914779100935896,2.735138193271977,12.203036161813808,0.21873055931353194,0.16838798650142942,1.1151473658993465,1.559600865658883,0.08588486551717421,0.06875372310266586,0.4659740787113803,0.41013840479171604,0.468981883428836,0.39879608728367194,implicit_bpr,0.0336546976106998
gowalla,59102,172770,1950658,10211052540,0.34208485269433353,0.00019103397934332832,33.00494061114683,11.290490247149389,0.45359345321995037,0.558556451634237,0.0012107521361357338,0.0013914779100935896,2.735138193271977,12.203036161813808,0.21873055931353194,0.16838798650142942,1.1151473658993465,1.559600865658883,0.08588486551717421,0.06875372310266586,0.4659740787113803,0.41013840479171604,0.468981883428836,0.39879608728367194,implicit_als,0.04786295108083912
gowalla,59102,172770,1950658,10211052540,0.34208485269433353,0.00019103397934332832,33.00494061114683,11.290490247149389,0.45359345321995037,0.558556451634237,0.0012107521361357338,0.0013914779100935896,2.735138193271977,12.203036161813808,0.21873055931353194,0.16838798650142942,1.1151473658993465,1.559600865658883,0.08588486551717421,0.06875372310266586,0.4659740787113803,0.41013840479171604,0.468981883428836,0.39879608728367194,lightfm,0.06636270735519552
tafeng,24288,15536,687197,377338368,1.5633367662203914,0.0018211691634814088,28.293684123847168,44.23255664263646,0.6564363001062153,0.4573344741437835,0.014238777457358213,0.010853184173510506,2.51036471455509,9.76740649748678,0.1967869627089577,0.15141072112214574,1.1090402316530947,1.928936607018346,0.08558826653783413,0.07833416036449518,0.3136528326745718,0.31332345191040845,0.6573764160659115,0.6274459320288363,sasrec,0.07108453194355238
tafeng,24288,15536,687197,377338368,1.5633367662203914,0.0018211691634814088,28.293684123847168,44.23255664263646,0.6564363001062153,0.4573344741437835,0.014238777457358213,0.010853184173510506,2.51036471455509,9.76740649748678,0.1967869627089577,0.15141072112214574,1.1090402316530947,1.928936607018346,0.08558826653783413,0.07833416036449518,0.3136528326745718,0.31332345191040845,0.6573764160659115,0.6274459320288363,recbole_ItemKNN,0.08813303447180831
tafeng,24288,15536,687197,377338368,1.5633367662203914,0.0018211691634814088,28.293684123847168,44.23255664263646,0.6564363001062153,0.4573344741437835,0.014238777457358213,0.010853184173510506,2.51036471455509,9.76740649748678,0.1967869627089577,0.15141072112214574,1.1090402316530947,1.928936607018346,0.08558826653783413,0.07833416036449518,0.3136528326745718,0.31332345191040845,0.6573764160659115,0.6274459320288363,recbole_EASE,0.07627528681532916
tafeng,24288,15536,687197,377338368,1.5633367662203914,0.0018211691634814088,28.293684123847168,44.23255664263646,0.6564363001062153,0.4573344741437835,0.014238777457358213,0.010853184173510506,2.51036471455509,9.76740649748678,0.1967869627089577,0.15141072112214574,1.1090402316530947,1.928936607018346,0.08558826653783413,0.07833416036449518,0.3136528326745718,0.31332345191040845,0.6573764160659115,0.6274459320288363,recbole_MultiVAE,0.09253562488414216
tafeng,24288,15536,687197,377338368,1.5633367662203914,0.0018211691634814088,28.293684123847168,44.23255664263646,0.6564363001062153,0.4573344741437835,0.014238777457358213,0.010853184173510506,2.51036471455509,9.76740649748678,0.1967869627089577,0.15141072112214574,1.1090402316530947,1.928936607018346,0.08558826653783413,0.07833416036449518,0.3136528326745718,0.31332345191040845,0.6573764160659115,0.6274459320288363,implicit_bpr,0.00039635659160606464
tafeng,24288,15536,687197,377338368,1.5633367662203914,0.0018211691634814088,28.293684123847168,44.23255664263646,0.6564363001062153,0.4573344741437835,0.014238777457358213,0.010853184173510506,2.51036471455509,9.76740649748678,0.1967869627089577,0.15141072112214574,1.1090402316530947,1.928936607018346,0.08558826653783413,0.07833416036449518,0.3136528326745718,0.31332345191040845,0.6573764160659115,0.6274459320288363,implicit_als,0.0010085178425201368
tafeng,24288,15536,687197,377338368,1.5633367662203914,0.0018211691634814088,28.293684123847168,44.23255664263646,0.6564363001062153,0.4573344741437835,0.014238777457358213,0.010853184173510506,2.51036471455509,9.76740649748678,0.1967869627089577,0.15141072112214574,1.1090402316530947,1.928936607018346,0.08558826653783413,0.07833416036449518,0.3136528326745718,0.31332345191040845,0.6573764160659115,0.6274459320288363,lightfm,0.08802207253631296
ratebeer,8994,24935,1315273,224265390,0.3606978143172248,0.005864805978309895,146.2389370691572,52.74806496891919,0.7500015365736203,0.7674403597767344,0.07687289619124553,0.035689554156392786,0.5278205368141801,0.44949176143515457,0.14537799888648772,0.15961885037761672,1.8062215511016022,4.2613162858803175,0.0764928649793617,0.05571999121095012,0.2925283522348232,0.24683122081387593,0.5017846400641668,0.4549428514136756,sasrec,0.03874939600782076
ratebeer,8994,24935,1315273,224265390,0.3606978143172248,0.005864805978309895,146.2389370691572,52.74806496891919,0.7500015365736203,0.7674403597767344,0.07687289619124553,0.035689554156392786,0.5278205368141801,0.44949176143515457,0.14537799888648772,0.15961885037761672,1.8062215511016022,4.2613162858803175,0.0764928649793617,0.05571999121095012,0.2925283522348232,0.24683122081387593,0.5017846400641668,0.4549428514136756,recbole_ItemKNN,0.06749044316719673
ratebeer,8994,24935,1315273,224265390,0.3606978143172248,0.005864805978309895,146.2389370691572,52.74806496891919,0.7500015365736203,0.7674403597767344,0.07687289619124553,0.035689554156392786,0.5278205368141801,0.44949176143515457,0.14537799888648772,0.15961885037761672,1.8062215511016022,4.2613162858803175,0.0764928649793617,0.05571999121095012,0.2925283522348232,0.24683122081387593,0.5017846400641668,0.4549428514136756,recbole_EASE,0.06516556004082309
ratebeer,8994,24935,1315273,224265390,0.3606978143172248,0.005864805978309895,146.2389370691572,52.74806496891919,0.7500015365736203,0.7674403597767344,0.07687289619124553,0.035689554156392786,0.5278205368141801,0.44949176143515457,0.14537799888648772,0.15961885037761672,1.8062215511016022,4.2613162858803175,0.0764928649793617,0.05571999121095012,0.2925283522348232,0.24683122081387593,0.5017846400641668,0.4549428514136756,recbole_MultiVAE,0.05759606407981021
ratebeer,8994,24935,1315273,224265390,0.3606978143172248,0.005864805978309895,146.2389370691572,52.74806496891919,0.7500015365736203,0.7674403597767344,0.07687289619124553,0.035689554156392786,0.5278205368141801,0.44949176143515457,0.14537799888648772,0.15961885037761672,1.8062215511016022,4.2613162858803175,0.0764928649793617,0.05571999121095012,0.2925283522348232,0.24683122081387593,0.5017846400641668,0.4549428514136756,implicit_bpr,0.05827982475659034
ratebeer,8994,24935,1315273,224265390,0.3606978143172248,0.005864805978309895,146.2389370691572,52.74806496891919,0.7500015365736203,0.7674403597767344,0.07687289619124553,0.035689554156392786,0.5278205368141801,0.44949176143515457,0.14537799888648772,0.15961885037761672,1.8062215511016022,4.2613162858803175,0.0764928649793617,0.05571999121095012,0.2925283522348232,0.24683122081387593,0.5017846400641668,0.4549428514136756,implicit_als,0.06442612625386493
ratebeer,8994,24935,1315273,224265390,0.3606978143172248,0.005864805978309895,146.2389370691572,52.74806496891919,0.7500015365736203,0.7674403597767344,0.07687289619124553,0.035689554156392786,0.5278205368141801,0.44949176143515457,0.14537799888648772,0.15961885037761672,1.8062215511016022,4.2613162858803175,0.0764928649793617,0.05571999121095012,0.2925283522348232,0.24683122081387593,0.5017846400641668,0.4549428514136756,lightfm,0.061088204262979326
