Run_id,k,Precision@k,Recall@K,MAP@K,nDCG@k,MRR@k,HitRate@k,Coverage@k,Diversity@k,Novelty@k
0,5,0.1552423981640849,0.03206815581889491,0.1068276678141136,0.15807615223833246,0.25825443863868713,0.4100688468158348,0.25543654657578707,,40.51774831797401
0,10,0.1446496871841106,0.053993801443182506,0.08296683508139023,0.14732235971927404,0.2715615928173065,0.5086058519793459,0.3060694579681921,,60.76751278676871
0,20,0.14811061686456342,0.08775853274135476,0.06794749797940279,0.14285621274308563,0.2785075604915619,0.6067125645438899,0.3370983446932814,,95.72264559517218
0,100,0.278333214788765,0.26778727992967777,0.05958875907602189,0.18368058642441604,0.2847329080104828,0.8476764199655766,0.3542356377799416,,285.64419757497654
1,5,0.14392570281124498,0.027882988175722337,0.09802531554790592,0.14878367724088248,0.2518143951892853,0.4053356282271945,0.2564102564102564,,40.679213193640685
1,10,0.13431942053930004,0.04839303399991729,0.07505495079876791,0.1387144699913527,0.2665773630142212,0.5172117039586919,0.3032781564427134,,62.55134225051205
1,20,0.13956514672375683,0.08262742629688188,0.06110073327644331,0.13552809016107353,0.2742598056793213,0.6260757314974182,0.32956832197338526,,97.45222405342302
1,100,0.26766691726452324,0.2599697649411554,0.05324640183769399,0.1770635920092721,0.2799304127693176,0.8420826161790017,0.34962674456345344,,286.506121341856
2,5,0.13906339644291454,0.027851845294335997,0.09427925989672978,0.14277613688637683,0.23965147137641907,0.38339070567986233,0.2546575787082116,,40.4605980947178
2,10,0.13261430074037647,0.049022810135143806,0.0734591932409478,0.13513909816963368,0.255161315202713,0.5008605851979346,0.30191496267445633,,61.28167886020864
2,20,0.1421016913730415,0.08655667941637377,0.060811838230613424,0.13437447636166985,0.2636280059814453,0.6204819277108434,0.3288542680947744,,95.37556926142442
2,100,0.26381025731618896,0.2565434939209655,0.05374214123372506,0.174807841925998,0.2692036032676697,0.8313253012048193,0.3500162284972412,,285.81981293220207
3,5,0.1466078600114745,0.027955285843912474,0.0992965911264104,0.15115192647883094,0.255658358335495,0.4044750430292599,0.25569620253164554,,39.58416532609796
3,10,0.13641999972679833,0.04917124300345256,0.07635572991946188,0.14043379506102188,0.26878297328948975,0.504302925989673,0.30496592015579355,,60.902300730813884
3,20,0.14400599593571836,0.08585915979313528,0.06230349331926612,0.13803413096939104,0.2768343687057495,0.6187607573149742,0.33261927945472247,,96.0504721633534
3,100,0.2650701964543807,0.25585769358563804,0.05521092647179765,0.17827970405392235,0.28245988488197327,0.8313253012048193,0.35923401493021745,,286.9087153532076
4,5,0.14004589787722319,0.027187423124138035,0.0949378466245936,0.14252604002276253,0.23483218252658844,0.37392426850258176,0.2543330087633885,,40.92672581605658
4,10,0.13296143758708304,0.04696490242023731,0.0747613573422293,0.13459746935296385,0.24916569888591766,0.4823580034423408,0.30068159688412854,,62.050738796204044
4,20,0.1404985344661786,0.0825378593393014,0.06130241221739778,0.13256665306904677,0.2577444911003113,0.6028399311531841,0.32924375202856215,,96.59075458729676
4,100,0.26535918679117665,0.256066163240285,0.053607462081860915,0.1738600194281922,0.26376065611839294,0.8339070567986231,0.35410580980201234,,283.19214641198
5,5,0.14292168674698794,0.028415889504396687,0.09892259514247466,0.14886023625964678,0.25572288036346436,0.39759036144578314,0.2567997403440441,,39.598315941182555
5,10,0.13767058028030488,0.04865929404247194,0.07811122337313837,0.14187134807854426,0.2712284326553345,0.5120481927710844,0.30632911392405066,,60.26023801019427
5,20,0.14319231831481183,0.08496513084499929,0.06366749401348475,0.13796277025922374,0.27861979603767395,0.6183304647160068,0.33599480688088285,,95.16472262161503
5,100,0.27330985755331483,0.26435612752037285,0.05656425943872957,0.18063990102679153,0.2843785583972931,0.8403614457831325,0.35923401493021745,,286.0942840806543
6,5,0.14046184738955825,0.02763683606720305,0.09428200898833429,0.14315304493073885,0.2398379147052765,0.3864027538726334,0.25076273937033433,,41.30374513276704
6,10,0.13148802693768272,0.04704001650541681,0.07331405865877938,0.13420565649097088,0.25388237833976746,0.49096385542168675,0.298539435248296,,62.45131978531814
6,20,0.14099393000205226,0.08435574903970314,0.060716559468959666,0.1326806984503717,0.2613113820552826,0.5981067125645438,0.32716650438169426,,97.99321347941878
6,100,0.26685375681952794,0.25736283268932486,0.053502339563044794,0.17448031595363286,0.2676200866699219,0.8313253012048193,0.34969165855241807,,288.27916087409943
7,5,0.14222604704532413,0.030486917511265865,0.0945774765729585,0.1446472495817874,0.2418244332075119,0.3993115318416523,0.24881531970139564,,41.23427747731571
7,10,0.1346957558123651,0.05157221567093903,0.07434455488783771,0.13620868430667551,0.2556327283382416,0.5017211703958692,0.2952288218111003,,61.91177177772722
7,20,0.13914469894076623,0.08401512474762589,0.061361833239664154,0.1331388469443156,0.26314398646354675,0.6110154905335629,0.3224277831872769,,96.47964701764148
7,100,0.2679544523886462,0.2602162185975904,0.05493294239757261,0.17598729970964536,0.2689090967178345,0.8261617900172117,0.3429406037000974,,284.57026413908443
8,5,0.1479489386115892,0.02777753127053984,0.10260518263530312,0.1513791887345523,0.24680864810943604,0.382960413080895,0.25530671859785786,,39.74001037796322
8,10,0.14234062098735076,0.04880198285465328,0.08212012401457683,0.14423529070499086,0.2619788944721222,0.49698795180722893,0.3054203180785459,,60.693901261017125
8,20,0.1458446398193944,0.08276301241730229,0.06736836504690356,0.14044959167762971,0.26892712712287903,0.5963855421686747,0.33359298928919184,,94.5379828995425
8,100,0.25875846712297507,0.24913782393095665,0.056479593914989655,0.17533827557821538,0.27486133575439453,0.8145438898450946,0.3515741642323921,,279.2721584376492
9,5,0.13921399885255306,0.026115147048343335,0.09296806272709887,0.1424179824614294,0.24085627496242523,0.38812392426850256,0.25511197663096397,,41.12572475224935
9,10,0.12983771821981804,0.04590280588308746,0.07183885275200792,0.1327721827939787,0.2549575865268707,0.4952667814113597,0.3023693605972087,,62.28201178214486
9,20,0.1362360162539207,0.08171268764748252,0.05796721176254569,0.1298687050594568,0.2634604573249817,0.6161790017211703,0.32742616033755273,,97.68259224917922
9,100,0.26659324497909376,0.25800111494000916,0.05196264442332633,0.1735527144826819,0.26897868514060974,0.830895008605852,0.3525478740668614,,286.8364003540723
10,5,0.14226190476190476,0.027646713645582292,0.0995558424172882,0.14783523934172949,0.2487306296825409,0.3838209982788296,0.24991885751379422,,40.020017823420936
10,10,0.1355657323170232,0.048867636997434925,0.07763449699619122,0.1389086334285006,0.2635251581668854,0.49569707401032703,0.29750081142486207,,61.195105902591884
10,20,0.1401732610452497,0.0833968030712861,0.06263821607199033,0.13434302544201565,0.27115675806999207,0.6054216867469879,0.3258033106134372,,95.94785026754202
10,100,0.2681447791453082,0.2588477309000601,0.05485488127696167,0.17601830638715915,0.27710139751434326,0.8300344234079173,0.3510548523206751,,285.0224485229146
11,5,0.1445567986230637,0.02963030103037927,0.09681189041881813,0.1473896642368529,0.2476118803024292,0.39500860585197933,0.25186627718273286,,40.92204086282783
11,10,0.13552663033084722,0.04840143834752315,0.07550629557697369,0.13860045780446578,0.26291272044181824,0.5090361445783133,0.29776046738072054,,61.74638992403425
11,20,0.13821593805444513,0.08174143755099844,0.06110645507519895,0.1339895953259982,0.2699401080608368,0.6101549053356282,0.3236611489776047,,97.38431713913418
11,100,0.26772638836639434,0.2601747842795968,0.05393346535647721,0.17580837145447947,0.2756432592868805,0.8317555938037866,0.3450178513469653,,290.4716633544183
12,5,0.13879087779690188,0.027964843336698336,0.09500848632625741,0.1418836143319694,0.2344951331615448,0.37865748709122204,0.25108730931515744,,40.968397012954696
12,10,0.13504408791629102,0.04927325862823082,0.07556019232691483,0.1364059186365637,0.250195175409317,0.49569707401032703,0.2988640051931191,,61.83651546729783
12,20,0.13921663831991787,0.08266501378519957,0.06136446194562565,0.13304253411917652,0.2576500177383423,0.6024096385542169,0.327036676403765,,96.94398061633234
12,100,0.2721287982959133,0.2640692700444515,0.05498741343071716,0.17749906824482153,0.263650506734848,0.8300344234079173,0.34644595910418696,,287.39716062049536
13,5,0.1404188181296615,0.031010778921649784,0.09544284279977051,0.14309344849693537,0.23531270027160645,0.3790877796901893,0.2527750730282376,,39.44783047288621
13,10,0.1374387003797503,0.053093755754115186,0.07728663086640916,0.13801124121566288,0.2499462068080902,0.48967297762478484,0.29951314508276533,,60.21563451116812
13,20,0.14407266662579377,0.08827956858899286,0.06426153284738828,0.1361711022213298,0.2578098773956299,0.5998278829604131,0.32801038623823436,,94.14508314898653
13,100,0.2721317916911899,0.26421366697879906,0.05792327333547551,0.17873376813165545,0.2636258602142334,0.8235800344234079,0.3426160337552743,,281.226875309449
14,5,0.13901319563970166,0.02602229357686644,0.09657929336393192,0.14431437443560688,0.2433519959449768,0.3803786574870912,0.2584875040571243,,39.905818483732475
14,10,0.1355157022648417,0.04886430243950315,0.07577008979390187,0.13788023914007727,0.2597741484642029,0.5051635111876076,0.3058747160012983,,61.03247263836407
14,20,0.14218458411533233,0.08506381688059926,0.06198778917530376,0.13531957046117718,0.2680923640727997,0.6209122203098106,0.332878935410581,,96.43740646869843
14,100,0.2717056467091666,0.26220405279051895,0.05497404211735163,0.17769217917953553,0.2741081416606903,0.8476764199655766,0.3551444336254463,,288.70791232639453
15,5,0.13853270223752154,0.0281825665938975,0.0937327882960413,0.14275641835873684,0.24412649869918823,0.3889845094664372,0.25030834144758196,,40.232894680499925
15,10,0.13198405868371446,0.04967732772219538,0.07283638996651762,0.134309398510117,0.25870200991630554,0.4991394148020654,0.2952288218111003,,61.94042839154088
15,20,0.13775517337407533,0.08241932843172456,0.059863176811352996,0.1319860207802299,0.26594850420951843,0.6006884681583476,0.3200259655955858,,96.48719257411942
15,100,0.26809437874274206,0.25964853248215475,0.05366558775142342,0.1755413646118764,0.27188682556152344,0.8304647160068847,0.3389159363842908,,289.36589449493823
16,5,0.14338783706253586,0.029445309919497203,0.09942018072289158,0.14774964507987368,0.2457903027534485,0.3876936316695353,0.24764686790003246,,41.866698251550496
16,10,0.13720152719722428,0.050178764898636916,0.07856121278115377,0.1400361089320365,0.2607783079147339,0.4995697074010327,0.2949691658552418,,62.99468937457027
16,20,0.14070908125471693,0.0824164557079298,0.06421693559132047,0.13624005752209808,0.26823028922080994,0.6067125645438899,0.32456994482310936,,98.33151540881043
16,100,0.2695871062035611,0.2604203741981404,0.056934117336108536,0.17866417157798262,0.27401214838027954,0.830895008605852,0.35124959428756897,,292.56327139070146
17,5,0.15054503729202526,0.03107131630264388,0.10032522948938612,0.1527039956846196,0.2548121213912964,0.4173838209982788,0.25686465433300876,,39.96333536126178
17,10,0.1428690954293364,0.053320475662507846,0.07915983784506343,0.14451145998431567,0.2687590420246124,0.520223752151463,0.3026290165530672,,60.37184669542934
17,20,0.14745137910611059,0.08984167714469263,0.064508162152426,0.1406822150680697,0.27654221653938293,0.6303786574870912,0.32807530022719894,,95.25641470123186
17,100,0.276241690272043,0.26873075904088733,0.057654749712137604,0.18369220399042857,0.2821238338947296,0.8395008605851979,0.35092502434274586,,283.63050775468895
18,5,0.13780837636259324,0.027264970227020853,0.0924820711417097,0.14089271575523182,0.23615893721580505,0.3812392426850258,0.2506978253813697,,40.07844681203122
18,10,0.13255675764281616,0.049818624024341625,0.07196427338226678,0.13405388707437185,0.2533629238605499,0.5086058519793459,0.2962674456345342,,60.80451498947981
18,20,0.13797514306210412,0.08465638412768892,0.058280581014742365,0.13101426263751084,0.26098334789276123,0.6191910499139415,0.3230769230769231,,95.62146511999676
18,100,0.27406159222622134,0.26641222898046907,0.053543405637961276,0.1776678469343872,0.2669697403907776,0.846815834767642,0.34638104511522233,,278.59660567923567
19,5,0.14409781985083192,0.02635927690533098,0.09856413750239053,0.14776166912375832,0.24363167583942413,0.39199655765920827,0.2557611165206102,,40.33259460084644
19,10,0.1387708999262356,0.048598056551337844,0.07850109920298838,0.14089288721168045,0.25909966230392456,0.5077452667814114,0.30048685491723465,,61.198476587066494
19,20,0.146448010967139,0.08612216451697684,0.06459203245751434,0.13892936605594833,0.2668604552745819,0.6166092943201377,0.3256085686465433,,95.28505578723897
19,100,0.27283482490740374,0.26325502298000164,0.05576781249962321,0.17915739402378447,0.27254828810691833,0.8347676419965576,0.3426809477442389,,284.1362133214241
20,5,0.15291164658634537,0.029621285480352078,0.10752079747561676,0.1585099003620164,0.2628442645072937,0.4006024096385542,0.2525154170723791,,40.107280780536506
20,10,0.140505901155643,0.049000859465013646,0.08217413649577253,0.14621078228679568,0.27683642506599426,0.5073149741824441,0.30081142486205775,,60.763466810488545
20,20,0.1406556192044008,0.08142768998250784,0.06504806270367962,0.13884730730949754,0.2837114930152893,0.6067125645438899,0.32716650438169426,,95.5383285900124
20,100,0.2677266471072513,0.2576377076414021,0.05634195397997667,0.17912942744126886,0.28971531987190247,0.8395008605851979,0.34819863680623175,,279.2588035023326
21,5,0.14278542742398165,0.02755269351718281,0.09915136737425893,0.14883605500449287,0.25186461210250854,0.3864027538726334,0.2518013631937683,,39.43948483482443
21,10,0.13892286834412482,0.050392060844469955,0.07833622187161345,0.14184192466480186,0.2668384611606598,0.49827882960413084,0.3021746186303148,,60.35277977742709
21,20,0.1467472195087488,0.08603682388003399,0.06531152222626008,0.14010758655063757,0.275511234998703,0.6187607573149742,0.3315806556312885,,93.36892751856664
21,100,0.2738510683364472,0.2638935799164066,0.057322609624781556,0.18156262094831604,0.2814939320087433,0.8412220309810671,0.3542356377799416,,276.9439798646169
22,5,0.14337349397590363,0.028887806669310723,0.09777562631478294,0.14788305042701588,0.2503370940685272,0.3971600688468158,0.24862057773450177,,40.35826948072373
22,10,0.13748155888861568,0.04960447417171427,0.07767629711969572,0.13972768554623166,0.26259341835975647,0.49010327022375216,0.29633235962349885,,61.52455305053553
22,20,0.14601889486048525,0.08642821862070203,0.06449778055956161,0.13787577868517414,0.27098381519317627,0.6088640275387264,0.3225576111652061,,96.23578174075169
22,100,0.27562776493545404,0.2649313181606701,0.057175276458971656,0.17991781634802595,0.27699002623558044,0.8364888123924269,0.34384939954560206,,284.0378889852799
23,5,0.13429432013769363,0.026070466485670005,0.09002928380187417,0.13771746471232893,0.23425127565860748,0.3769363166953528,0.25296981499513144,,40.159661954969884
23,10,0.13025537524246647,0.046892015326531256,0.07118916709923594,0.13161405671350265,0.24924562871456146,0.49010327022375216,0.29717624148003896,,61.41351229345881
23,20,0.13823170572496493,0.08264962431333278,0.05846056512984272,0.1301494052628647,0.25772610306739807,0.6092943201376936,0.32424537487828625,,95.98095092927007
23,100,0.2625914320856151,0.2547013880065977,0.05160724637127873,0.1716865122667394,0.26355746388435364,0.8339070567986231,0.3409931840311587,,283.64930429168936
24,5,0.13959409064830752,0.02985611140465549,0.09441635589978964,0.14283157891079507,0.23882673680782318,0.38080895008605853,0.25394352482960075,,40.990706482734474
24,10,0.13182201595497636,0.04915137508963502,0.07346269018141456,0.1344990219306557,0.2534351646900177,0.49311531841652323,0.30191496267445633,,61.334403111292914
24,20,0.1375536784677938,0.08338805606212626,0.059731560505571754,0.1314487318705048,0.2610389292240143,0.5998278829604131,0.32989289191820836,,94.94019056239466
24,100,0.2632363148166797,0.25510245688108196,0.05306375618292769,0.17274006805546888,0.26678022742271423,0.8188468158347676,0.35475494969165855,,283.1406170024549
25,5,0.1418531267928858,0.028541003663345686,0.09656196213425129,0.1449600062443991,0.23894864320755005,0.38209982788296043,0.25394352482960075,,40.075126060197356
25,10,0.13493822227686253,0.048569045124522446,0.0755478136902431,0.13737589596635436,0.2544502913951874,0.4978485370051635,0.2991885751379422,,60.409648621661006
25,20,0.13923256402266315,0.08112412001348575,0.062090669546720774,0.13428034458214402,0.26195085048675537,0.6041308089500861,0.3282051282051282,,94.53760406089609
25,100,0.26770170623182554,0.2585945229023254,0.05439740308305969,0.17528563527281982,0.26766878366470337,0.8235800344234079,0.3530671859785784,,282.84799025241307
26,5,0.14116465863453814,0.028525873240271837,0.0946974803977816,0.14324743444596227,0.23752868175506592,0.3885542168674699,0.25381369685167154,,40.605740699941244
26,10,0.1363831175040297,0.04925750353560239,0.0755215359196206,0.1375027002929676,0.25378280878067017,0.5107573149741824,0.30275884453099644,,61.6236456264277
26,20,0.14722091022961797,0.08847578557445226,0.0630999533089902,0.13710676991191023,0.26186415553092957,0.6256454388984509,0.329957805907173,,95.65196465893725
26,100,0.2742305324243781,0.26550484586709894,0.05623816131160913,0.1796729587024174,0.26765596866607666,0.8420826161790017,0.34962674456345344,,283.6593012206673
27,5,0.13574297188755022,0.027515234968694534,0.09279367469879518,0.1386497524664999,0.22918102145195007,0.3661790017211704,0.2525803310613437,,39.708089441640126
27,10,0.12907104608911837,0.04857234501261771,0.07252238214004923,0.13066979173836346,0.2436719685792923,0.47418244406196214,0.30230444660824407,,59.71185275137998
27,20,0.13586591758565922,0.08222081969244092,0.05947168229429621,0.1286858362607517,0.25179845094680786,0.5886402753872634,0.3310613437195716,,92.85401198361171
27,100,0.2643134737850256,0.2560663199135051,0.05251133251478069,0.17067478686594506,0.25765323638916016,0.814974182444062,0.3529373580006491,,276.91804651981425
28,5,0.14294320137693634,0.029308492931110146,0.09554575444635686,0.144629082796099,0.23924268782138824,0.38941480206540446,0.25141187925998054,,39.6351114349472
28,10,0.1388262232603885,0.05394899173651233,0.07515042799965654,0.13784368745766498,0.2537199854850769,0.49827882960413084,0.2994482310938007,,60.06388196298014
28,20,0.14573074730666064,0.08899965763973573,0.061895031707324064,0.13548809027755943,0.26101627945899963,0.6041308089500861,0.3269068484258358,,93.99599153281216
28,100,0.2726214336432125,0.2653196569378768,0.054529191784241135,0.17596473291465012,0.26683309674263,0.8205679862306369,0.34527750730282375,,278.4769251732711
29,5,0.14558232931726908,0.026594861142758833,0.09974110728628802,0.14815759984101712,0.2410355508327484,0.3885542168674699,0.2585524180460889,,39.56804235068227
29,10,0.1366008250689834,0.04706022426334278,0.07774307378255056,0.13940627693599933,0.25640231370925903,0.5051635111876076,0.30840636157091855,,60.80489922233437
29,20,0.1420765432089088,0.08285021314454204,0.0629086199596657,0.13591573352600803,0.2638989984989166,0.6135972461273667,0.33515092502434274,,95.26288089893092
29,100,0.2687928881744281,0.26037524328985,0.053835611992325116,0.1757000554274393,0.2696087658405304,0.8343373493975904,0.35735150925024345,,281.8033428180319
30,5,0.13610154905335628,0.025624645959601823,0.09375513960604323,0.14028532574116245,0.23472461104393005,0.3717728055077453,0.24790652385589093,,40.82400325888293
30,10,0.12869744283255471,0.045556531460021636,0.07256184853060878,0.13196408925781566,0.24917733669281006,0.4789156626506024,0.29568321973385264,,61.69622833285624
30,20,0.13943378615205573,0.08242594860876039,0.06018513274913563,0.1316178457284191,0.2569563090801239,0.5886402753872634,0.32151898734177214,,97.14951695780337
30,100,0.27287157178385796,0.2637116317352486,0.05322249842832849,0.17409752136798237,0.26309430599212646,0.8283132530120482,0.34190197987666343,,288.293596382606
31,5,0.14819277108433734,0.027693270645782222,0.10446763243449991,0.15318614977858766,0.2538798153400421,0.39888123924268504,0.254592664719247,,41.26026321297748
31,10,0.14175699396224353,0.05026866717966093,0.0816762829310981,0.14474838222606842,0.26917022466659546,0.5141996557659209,0.3017202207075625,,61.27285001570671
31,20,0.14623529927925305,0.08574161539497403,0.06633513499139622,0.14038373319992684,0.276361346244812,0.6166092943201377,0.3288542680947744,,96.19421402614475
31,100,0.27226997962853366,0.26379898614654873,0.05660008464598064,0.17894136544580594,0.2815762460231781,0.8227194492254734,0.34592664719246996,,285.02016770014427
32,5,0.14338066551921974,0.027663070911961005,0.09731449607955632,0.14674579390860618,0.244119331240654,0.3889845094664372,0.25407335280753,,40.81702961714508
32,10,0.13577490233041006,0.04776812372826005,0.07649875247399272,0.1384448583185014,0.2596120834350586,0.504302925989673,0.2991885751379422,,60.391707037222
32,20,0.141823946316291,0.0839390567950485,0.062063670618703666,0.13498805404004602,0.267475962638855,0.6157487091222031,0.325154170723791,,94.96093057546834
32,100,0.2712273214471196,0.2612670391924391,0.05454089545653068,0.17728413202652352,0.27319303154945374,0.8296041308089501,0.3457319052255761,,279.9698336330507
33,5,0.14138697647733794,0.026598038076063,0.09807910212277682,0.14716976656428077,0.24986374378204346,0.3898450946643718,0.24907497565725414,,40.52099126425966
33,10,0.13416933038275553,0.046898724434253206,0.0754225611684401,0.13860033092545146,0.2650136649608612,0.5047332185886403,0.2963972736124635,,61.25148757123674
33,20,0.1400628530860649,0.08190399368258197,0.061447108634415715,0.13575605416004818,0.2724997401237488,0.6097246127366609,0.3238558909444985,,96.26528262479877
33,100,0.265764196803569,0.25770458176133704,0.054053549317185694,0.176593650047213,0.27831852436065674,0.8304647160068847,0.34670561506004544,,288.1540942944606
34,5,0.14336632243258748,0.026124295780120002,0.09724708357238476,0.14652138118321711,0.2413654625415802,0.3889845094664372,0.2590717299578059,,40.25906752569596
34,10,0.13411349479550858,0.04552116385251161,0.07624137070363302,0.13786299369893587,0.2552560567855835,0.49440619621342513,0.303862382343395,,61.20398595475063
34,20,0.14230344132640738,0.08356869997833911,0.06281258311556948,0.13596807773701391,0.26375800371170044,0.6131669535283993,0.3315806556312885,,96.46861725543924
34,100,0.2750113034970295,0.26603278754756177,0.0554486709958441,0.17961200526852472,0.26988816261291504,0.8481067125645438,0.3529373580006491,,287.1377777411866
35,5,0.13973034997131384,0.026968501845897223,0.09511199560145342,0.14440784151636804,0.24386833608150482,0.39027538726333905,0.2557611165206102,,40.13187838753314
35,10,0.13290611425293009,0.04733342401420557,0.07324104111348753,0.13655454800154346,0.25935491919517517,0.5064543889845095,0.3010710808179163,,60.47346793885395
35,20,0.14024664717239305,0.082691395968326,0.06071385773462682,0.13516201996936253,0.2673511505126953,0.6191910499139415,0.3272314183706589,,94.72843968864788
35,100,0.266959661261927,0.2588924214437025,0.05375377986903443,0.1764279677624845,0.2729644179344177,0.8321858864027539,0.35027588445309965,,281.763175372555
36,5,0.14869477911646586,0.028765823512728356,0.1005110919869956,0.15122116172936348,0.24743975698947906,0.4092082616179002,0.25173644920480365,,40.06302411213016
36,10,0.1377776411769527,0.04812848846582314,0.07849068698126921,0.14159613028514775,0.2613891065120697,0.5150602409638554,0.29892891918208375,,61.33215275896383
36,20,0.14379355274014183,0.08459446342055178,0.06376531809829156,0.13854940079896247,0.26949289441108704,0.628657487091222,0.3256085686465433,,96.11896439852296
36,100,0.26955074659290085,0.2608998688225972,0.05581282711076183,0.17959370312629663,0.27515262365341187,0.8407917383820999,0.3431353456669912,,284.5828500508231
37,5,0.13819563970166382,0.02765248986621591,0.09469999043794225,0.14343561026148383,0.24467870593070984,0.3855421686746988,0.25413826679649465,,41.095579462998266
37,10,0.13121158101794936,0.04941252220094776,0.07283126614816897,0.1347358671631887,0.2608638405799866,0.5060240963855421,0.30191496267445633,,61.25937650144123
37,20,0.13522463169246898,0.08263424119885525,0.058397910305112086,0.13036967360935145,0.2677997946739197,0.6058519793459552,0.3293086660175268,,95.67594719927162
37,100,0.26215764763886407,0.25566165208594205,0.05301769450536946,0.17376658733335804,0.2736469805240631,0.8343373493975904,0.3518987341772152,,287.07827088870323
38,5,0.1388912794033276,0.025613082023359764,0.0967745983935743,0.1447734452921358,0.24553930759429932,0.38080895008605853,0.25173644920480365,,39.92930178913622
38,10,0.13576960904843868,0.04929542718723984,0.07616818701487735,0.1380883467484404,0.26113367080688477,0.49569707401032703,0.2997728010386238,,59.99801086646499
38,20,0.14304448079722773,0.08554866308596427,0.06257351258082096,0.13560817338422843,0.2689170837402344,0.6080034423407917,0.33073677377474847,,93.55522825567546
38,100,0.27064750261810006,0.26220289157202603,0.054418335490335284,0.17566480739256027,0.27472907304763794,0.8296041308089501,0.3581953911067835,,278.53183593733166
39,5,0.1453528399311532,0.028215998053578308,0.09798718684260853,0.14760322506858758,0.24346671998500824,0.3898450946643718,0.25316455696202533,,40.4302176506312
39,10,0.13874819003906785,0.04921135479915681,0.07672510051544044,0.13987909423886308,0.25840845704078674,0.5017211703958692,0.30016228497241154,,61.33123215350385
39,20,0.14417777929195336,0.08369350736940054,0.06269953882747163,0.13716198261469636,0.2662149667739868,0.6088640275387264,0.3276858162934112,,94.94086840876798
39,100,0.27322669270931377,0.26506756706436563,0.05423675015272112,0.17732246399640947,0.2719721496105194,0.826592082616179,0.35118468029860433,,276.9276960294427
40,5,0.13656052782558806,0.025003314940829257,0.09151176133103844,0.1402322501740902,0.23774385452270508,0.3816695352839931,0.2516066212268744,,41.35161649764101
40,10,0.13322251591399611,0.04804180671160584,0.07230198395894342,0.1343874526209651,0.25357502698898315,0.4991394148020654,0.2965920155793573,,62.278331233072954
40,20,0.1395440148668342,0.08395491244242201,0.05850061395074451,0.1317990103237704,0.2619529664516449,0.617039586919105,0.3221032132424537,,97.53038952537628
40,100,0.27055992857033667,0.26346528126419444,0.05197702681704135,0.17509498090002404,0.2674826383590698,0.8334767641996558,0.33807205452775074,,288.26721469227965
41,5,0.1398522662076879,0.027707617895866437,0.09518526486899982,0.14299696637663797,0.23698364198207855,0.38080895008605853,0.25030834144758196,,40.601513393345144
41,10,0.13146138977679425,0.04762939347250119,0.0742624122583629,0.1342574399680645,0.2504046559333801,0.4819277108433735,0.30165530671859786,,62.27354470338349
41,20,0.13926787584166436,0.08221299265951403,0.0617509615970752,0.13281730966059976,0.257857084274292,0.5869191049913941,0.3314508276533593,,96.13737798735337
41,100,0.2742096258989079,0.26562010990479984,0.05454510507740569,0.17615954945974072,0.264136403799057,0.8287435456110155,0.3566374553716326,,286.8430327882259
42,5,0.14942627653471027,0.02567966896348321,0.10412710365270605,0.1538276721865719,0.25174272060394287,0.39802065404475045,0.2525803310613437,,40.14732296978607
42,10,0.13764462612354178,0.044894460297646606,0.0808292363927148,0.14291862296040816,0.2654990553855896,0.5017211703958692,0.30197987666342097,,60.886979696002314
42,20,0.1417987167728726,0.07977211372667997,0.06524058487994838,0.13850593723253218,0.27255043387413025,0.6032702237521514,0.3308016877637131,,96.32599619433083
42,100,0.26331432983920616,0.2530112370235756,0.05547818886391441,0.17742080828565274,0.27820470929145813,0.8166953528399311,0.3506653683868874,,284.10383357283956
43,5,0.13798766494549627,0.025373173060489394,0.09345859628992159,0.14087409588395916,0.23585772514343262,0.3790877796901893,0.2564102564102564,,40.31193936738463
43,10,0.13314806846433352,0.04618081622929748,0.07300759850220448,0.1341658450511686,0.25040656328201294,0.48838209982788294,0.3055501460564752,,61.121029496698256
43,20,0.1392127604630369,0.08055010570790318,0.05941124371328866,0.13186712894464947,0.2588580846786499,0.6080034423407917,0.3337877312560857,,95.32028573914786
43,100,0.26345283333997893,0.2537153599280767,0.05213403022845444,0.17280075114223786,0.2644851803779602,0.8201376936316696,0.3501460564751704,,280.5250827242129
44,5,0.14906769936890418,0.027351531878328846,0.10158072767259516,0.15421221136932448,0.26143863797187805,0.41222030981067126,0.2536838688737423,,40.75294370496936
44,10,0.1403117572330137,0.0477473833320471,0.08004470004518668,0.1442677943866883,0.2749769687652588,0.5146299483648882,0.30230444660824407,,60.45735513319212
44,20,0.1461713540290897,0.08379446552595245,0.06541787396762418,0.1410134332247793,0.2829083800315857,0.6277969018932874,0.33132099967543005,,94.56686540024295
44,100,0.2728153728261221,0.262281450499261,0.0569068547480224,0.18154818258346095,0.28819817304611206,0.8321858864027539,0.3572216812723142,,279.00258056897593
45,5,0.1448221457257602,0.026711715518176415,0.1000730302161025,0.14921268960659176,0.24543170630931854,0.39156626506024095,0.2525803310613437,,40.603641878984234
45,10,0.1392739324645521,0.049679656449494874,0.07786558344651688,0.14173070353584868,0.26155319809913635,0.5133390705679862,0.29957805907172996,,61.44402366196151
45,20,0.14898208939172664,0.09097622202814076,0.06356511245056364,0.13981167957551358,0.2699660658836365,0.6342512908777969,0.32775073028237584,,96.28800854359285
45,100,0.28023919710998296,0.2712636065470409,0.05710097999844252,0.18332759858487355,0.2755989134311676,0.846815834767642,0.34995131450827655,,284.3188202725855
46,5,0.1401821572002295,0.027343957951600422,0.09644733696691528,0.14426648184701177,0.24186748266220093,0.37650602409638556,0.2518013631937683,,40.75282035849603
46,10,0.1316157487091222,0.046955124383554724,0.07519895910171298,0.13528107734696665,0.2568928897380829,0.48967297762478484,0.29983771502758844,,62.22942433465794
46,20,0.1401227672769779,0.08362907142891861,0.061817324278103866,0.133110789292717,0.26468613743782043,0.5998278829604131,0.3296332359623499,,96.91971665187816
46,100,0.2723209373616523,0.26416799042575534,0.054224462223974826,0.17659860561232302,0.27088457345962524,0.8390705679862306,0.35358649789029534,,285.71544354170845
47,5,0.14009609868043604,0.02923652452142068,0.09539969401415185,0.14402832427924556,0.24331612884998322,0.3898450946643718,0.2546575787082116,,39.287804540385665
47,10,0.13387700461710791,0.050770828397128855,0.0746087679191011,0.135855571208885,0.2577698528766632,0.5,0.3041869522882181,,59.75855756597743
47,20,0.14155015963250672,0.0858887849056733,0.06159154916590975,0.13367183317467568,0.26561954617500305,0.6105851979345955,0.3320350535540409,,93.57907752934223
47,100,0.2756017086619219,0.26721677174755176,0.05496893021241348,0.17757487558309767,0.2717543840408325,0.8463855421686747,0.3557935735150925,,278.58333608672706
48,5,0.14328026391279405,0.031292858745951335,0.09553822432587492,0.1449579793887573,0.24038296937942505,0.39371772805507743,0.25238558909444986,,39.67888344183706
48,10,0.13731593038821954,0.050416399576757163,0.07636535004611904,0.13847714294838442,0.25572580099105835,0.5107573149741824,0.2976306394027913,,60.51619882810273
48,20,0.14309499164097234,0.08523451840759277,0.06288827556786665,0.13573029684787163,0.26355111598968506,0.6222030981067126,0.324634858812074,,95.28896732893229
48,100,0.26922296684166735,0.25981562009732595,0.055602377565921214,0.1770027992397006,0.2688671052455902,0.8339070567986231,0.3465108730931516,,280.20661521132564
49,5,0.1421471600688468,0.027234668875210293,0.09632805029642379,0.1455320909093522,0.24378226697444916,0.3911359724612737,0.25141187925998054,,40.39378969316427
49,10,0.13768406961178045,0.04708350330817642,0.07684076157236655,0.13952880404010123,0.25798553228378296,0.4952667814113597,0.30133073677377475,,61.177329261593414
49,20,0.1398623685069335,0.08121700066167489,0.0615089457271037,0.13431885569405747,0.26507270336151123,0.5959552495697074,0.33099642973060694,,96.38092532321346
49,100,0.27201981784990487,0.26303144446563,0.054571921305736716,0.1772587370354942,0.2712845206260681,0.8300344234079173,0.3528075300227199,,286.04162535107173
50,5,0.13923551348250143,0.02777545501629273,0.09222580799388028,0.14248441303813564,0.24207545816898346,0.39500860585197933,0.25095748133722817,,39.84314511213879
50,10,0.1369216662568642,0.04970131731785551,0.07463525411439516,0.1376512146840522,0.2571175694465637,0.5073149741824441,0.2986692632262253,,60.30476090273714
50,20,0.13897304762462653,0.08160755694727648,0.0607099463980746,0.13330992680893458,0.2644811272621155,0.6105851979345955,0.32924375202856215,,95.4755674421497
50,100,0.26416523416653126,0.25478012723315147,0.053793328283519154,0.1745617227942482,0.26999157667160034,0.8261617900172117,0.358455047062642,,284.3603886926063
51,5,0.14014629948364887,0.027312868609232464,0.09854728437559764,0.14609831185894182,0.24566836655139923,0.37994836488812395,0.249789029535865,,41.04101910593059
51,10,0.14014595798158622,0.051208248695971965,0.07898647845620685,0.14139059472111432,0.26186925172805786,0.5017211703958692,0.29730606945796817,,62.24158763525342
51,20,0.14818321188050435,0.08938387692267175,0.0648094789277672,0.13917328796315906,0.26938170194625854,0.6101549053356282,0.3232067510548523,,96.99585225941081
51,100,0.27623859308506366,0.26759076648981944,0.05549483412508607,0.17847314531611908,0.2750161588191986,0.8304647160068847,0.3456669912366115,,284.2385680107764
52,5,0.1454675846242111,0.029130028468546214,0.09999366513673744,0.14929951080117376,0.2484222799539566,0.39543889845094665,0.2542680947744239,,39.76403906786875
52,10,0.13838910062016777,0.050007500372842566,0.07832610724454886,0.14082488984627406,0.262591689825058,0.5021514629948365,0.3013956507627394,,60.603360062375664
52,20,0.1450049832972612,0.08675071566922456,0.06389342978381386,0.13753615709817957,0.27063530683517456,0.6174698795180723,0.3282051282051282,,95.63289088069257
52,100,0.2718848713184107,0.26288736388798095,0.056294024201441625,0.17863027931630882,0.2765360176563263,0.8403614457831325,0.3527426160337553,,280.53690512474304
53,5,0.15176419965576593,0.029952126578459956,0.10454341174220694,0.15548182786958722,0.25694921612739563,0.4066265060240964,0.2542680947744239,,41.3252761085873
53,10,0.142019267546376,0.051191948158619174,0.08116121813677342,0.14510149413534024,0.271323561668396,0.5129087779690189,0.30197987666342097,,62.19598843788738
53,20,0.14581277380234153,0.08565490419659941,0.0656754415490724,0.13990379078010162,0.2785760760307312,0.6161790017211703,0.3330087633885102,,97.5651164939591
53,100,0.26664288112565976,0.25674355626801554,0.056552642570350704,0.17815047302703407,0.28370437026023865,0.8214285714285714,0.3593638429081467,,289.4618785428236
54,5,0.14107142857142857,0.02826294265101056,0.09773032606616945,0.14535200798453363,0.2428356111049652,0.38080895008605853,0.24875040571243104,,40.56574782393302
54,10,0.13532958364068517,0.04875319242471038,0.07693536001526893,0.13778804543984485,0.2572895586490631,0.4879518072289157,0.2947095098993833,,61.69672904301517
54,20,0.14268686023312335,0.0840354143602166,0.0632139553187813,0.1355377370106702,0.26505210995674133,0.6002581755593803,0.32028562155144435,,96.72221207243774
54,100,0.2750493800690079,0.26490116035879213,0.056042318972579684,0.17807667825534296,0.2710169851779938,0.8330464716006885,0.33950016228497243,,287.37706727890355
55,5,0.1440619621342513,0.02889339561871716,0.09830010518263531,0.1472136408661789,0.2435312718153,0.3889845094664372,0.24862057773450177,,41.336468952167074
55,10,0.13580495451192523,0.049484405890476015,0.0765387433141485,0.1385367348731666,0.25836119055747986,0.4991394148020654,0.293735800064914,,62.58063194113991
55,20,0.1429065406048249,0.08633731652318069,0.06221112377092098,0.13580736344268524,0.2669840455055237,0.6234939759036144,0.31853294384939956,,95.98698228111988
55,100,0.276817577312538,0.2679399583319026,0.05557562342211047,0.1800925327558321,0.27282941341400146,0.8442340791738382,0.3367088607594937,,290.95824747833615
56,5,0.1421113023522662,0.0255131390397822,0.094964859437751,0.1441746630604868,0.23909923434257507,0.39543889845094665,0.2500486854917235,,40.870984583649005
56,10,0.13903351501243066,0.04844474259970311,0.07601899072643017,0.13883548753933345,0.2534426748752594,0.504302925989673,0.2970464135021097,,62.26634837348768
56,20,0.1448491044038648,0.08444274128237728,0.062070554599138766,0.13613265762025223,0.2610512375831604,0.6153184165232358,0.32567348263550794,,97.07256095409797
56,100,0.26649789319093575,0.2569103986072368,0.05409230240472949,0.17591557311523173,0.26648804545402527,0.826592082616179,0.350730282375852,,284.7201661127182
57,5,0.13227911646586346,0.02846783108818717,0.08792527251864601,0.13629497529532422,0.23588640987873077,0.3838209982788296,0.2453748782862707,,41.37702257007282
57,10,0.1300014684588695,0.05126985294314867,0.06960664193324426,0.13074766267297203,0.2512751817703247,0.4991394148020654,0.2910743265173645,,62.75034320340439
57,20,0.1410916279371136,0.08938531732055482,0.05800209436235741,0.13080917581732568,0.25990960001945496,0.6217728055077453,0.3198961376176566,,97.67081589733286
57,100,0.2762616355443662,0.2694369519163107,0.05253728170983495,0.17520426537262265,0.2654780447483063,0.8313253012048193,0.3456669912366115,,286.69833385197205
58,5,0.1415806081468732,0.027200961877249023,0.09741991776630331,0.14633303718261967,0.2449512630701065,0.37865748709122204,0.25991561181434597,,39.917404191794986
58,10,0.13392105838319265,0.04673236921076917,0.07556303743209529,0.13764938732302864,0.26056796312332153,0.49483648881239245,0.30905550146056476,,61.55519032510064
58,20,0.14053596770842913,0.0834317092237163,0.06144921454034594,0.1342144974458044,0.2682325839996338,0.6037005163511188,0.33852645245050306,,95.34927003172179
58,100,0.26948820304031346,0.2601959996188164,0.05349269912237814,0.17436789923797075,0.2742098271846771,0.8287435456110155,0.36520610191496267,,284.64929879523663
59,5,0.1405550774526678,0.027123589938350758,0.0952961847389558,0.14401832145740562,0.2408132702112198,0.3855421686746988,0.25413826679649465,,39.730908862764174
59,10,0.1354436453296178,0.0480596420653231,0.07480067439339477,0.13743112618327635,0.25564485788345337,0.4987091222030981,0.2999675430055177,,60.358611245241434
59,20,0.14247119123896246,0.08362992572454077,0.061366754141968266,0.1349791564134752,0.26307225227355957,0.6067125645438899,0.3258033106134372,,94.76152477699779
59,100,0.27022351896349867,0.26185234452327677,0.05332319423161798,0.17561230107059983,0.26913419365882874,0.8386402753872634,0.3433300876338851,,284.84504264861255
60,5,0.14173121055651175,0.0273734170899064,0.09494645247657296,0.14468612104117068,0.24287149310112,0.39156626506024095,0.25173644920480365,,40.45148302743544
60,10,0.13511272983088818,0.04716455891488026,0.07527354186479207,0.13750731169801744,0.2576351463794708,0.5025817555938038,0.3005517689061993,,61.46550830362506
60,20,0.14205836748083356,0.08259814932244718,0.06239529096365058,0.13578795008864028,0.2657407224178314,0.6161790017211703,0.3293086660175268,,94.99038733298032
60,100,0.26688912514775404,0.25680873827336803,0.05470554104027307,0.1763329656275485,0.2713891565799713,0.8347676419965576,0.34995131450827655,,282.264033854805
61,5,0.14174555364314398,0.029598641223699006,0.0945375549818321,0.14461488541769374,0.24311532080173492,0.3958691910499139,0.2584875040571243,,39.232086497587765
61,10,0.1356217386553015,0.05127673370675877,0.07436346969781729,0.136990469391826,0.25753846764564514,0.5025817555938038,0.30814670561506,,59.83024111391654
61,20,0.13699194763865874,0.08192824825975671,0.05988542988552692,0.13217453023926048,0.2650626003742218,0.6088640275387264,0.3326841934436871,,94.42497835887258
61,100,0.26300862651773876,0.2555970499816933,0.053268413315162105,0.1741391195919783,0.27104243636131287,0.8356282271944923,0.35008114248620575,,282.9473249528577
62,5,0.1346815834767642,0.028183587595197342,0.08929384203480589,0.13725596134633275,0.2317555844783783,0.3812392426850258,0.25348912690684844,,40.97205604260355
62,10,0.13163589733081987,0.05024592852324911,0.07071333520021127,0.13228614905843633,0.24779288470745087,0.5012908777969018,0.30210970464135023,,61.632709935835734
62,20,0.13968367993706968,0.08480715468559277,0.059038855930290825,0.1316169475444958,0.255890429019928,0.617039586919105,0.33190522557611163,,96.41032474280695
62,100,0.2678511112148956,0.2605858043568484,0.05309008706872453,0.17468918138564274,0.26139572262763977,0.8283132530120482,0.35585848750405713,,285.9059995551895
63,5,0.136201950659782,0.02718703836042426,0.09115844329699752,0.1392923060993598,0.2351549118757248,0.37607573149741824,0.24725738396624472,,40.79027471315432
63,10,0.1306552741578559,0.04700572073713011,0.07193899396311083,0.13284942084225104,0.25035569071769714,0.4892426850258176,0.290295358649789,,61.65445806836705
63,20,0.13560523711837172,0.08135414758194817,0.05801010384878781,0.12965027627829268,0.2584550082683563,0.6041308089500861,0.31437844855566377,,96.77934992243726
63,100,0.26704967437137284,0.25930180296148175,0.052649856309393527,0.1739452291832053,0.2640029191970825,0.8235800344234079,0.33774748458292764,,286.98560222153463
64,5,0.14123637406769937,0.027678183539447117,0.09535774048575253,0.14284348406247846,0.2347532957792282,0.38209982788296043,0.25024342745861733,,41.04963331465346
64,10,0.13470873289074667,0.04805765394552685,0.07524449487833636,0.13581780459204748,0.25024092197418213,0.4978485370051635,0.298020123336579,,61.774244403364605
64,20,0.14072583183699253,0.08164719547312511,0.06248163132078386,0.13378202781962412,0.25742843747138977,0.6006884681583476,0.32742616033755273,,96.42660475799337
64,100,0.26728712747294275,0.2580143370450603,0.05453047460621921,0.1757153092303609,0.263590008020401,0.8343373493975904,0.3481337228172671,,283.72304378438474
65,5,0.14171686746987952,0.026575336512141414,0.09552029546758463,0.14513066130722818,0.2438468188047409,0.3876936316695353,0.24933463161311262,,40.388683540288
65,10,0.13445380160096165,0.04690696247257894,0.07477146729396801,0.13686428155908714,0.25799524784088135,0.4939759036144578,0.29795520934761444,,61.5287661027167
65,20,0.1393558243342331,0.08136302802677998,0.06083299065060418,0.13348038367929382,0.26524144411087036,0.5972461273666093,0.3265822784810127,,97.06943873296616
65,100,0.2662986259640894,0.2578632246327572,0.052972722571177286,0.17409588047877889,0.2711840569972992,0.8270223752151463,0.34852320675105486,,289.2959241253199
66,5,0.13791594951233505,0.02837314421836616,0.09136880856760375,0.14106022421719971,0.24082043766975403,0.3889845094664372,0.25206101914962675,,40.01387302995716
66,10,0.13435186323525394,0.05106618690199933,0.0714827526280481,0.13467371577516865,0.25592759251594543,0.5017211703958692,0.296137617656605,,60.62476854073654
66,20,0.14018366165696086,0.08458199639065876,0.05896920415849373,0.1327415964689584,0.2640221118927002,0.6161790017211703,0.32093476144109057,,93.69111013874459
66,100,0.27181684398321365,0.26374636613457764,0.05324460313125383,0.1767364927006005,0.2695702910423279,0.826592082616179,0.33995456020772474,,282.2983296075366
67,5,0.13946500286861732,0.02735736497133175,0.09461333428953911,0.1430455581437504,0.2404116541147232,0.3842512908777969,0.2523206751054852,,40.662686035697696
67,10,0.13443809250607874,0.04763814875151752,0.07428617490694882,0.1363802560328556,0.25600874423980713,0.5,0.2987990912041545,,60.28391648546754
67,20,0.14084047359478252,0.08256080346511113,0.06097039299254785,0.13350783427816643,0.2630711793899536,0.6006884681583476,0.32593313859136647,,94.59837325749879
67,100,0.2659385000082679,0.25684691683322264,0.05307452994154647,0.1732939573842623,0.2690102458000183,0.8261617900172117,0.34917234664070107,,284.3328480129687
68,5,0.1285140562248996,0.026406779418037804,0.08522578408873589,0.12986688338947128,0.2176133096218109,0.35671256454388983,0.24875040571243104,,41.37524848156492
68,10,0.1286441685107778,0.04967705538492505,0.06837270899546788,0.12669404397625736,0.2338537871837616,0.4776247848537005,0.29451476793248943,,61.84373620584765
68,20,0.13693204490409785,0.08418539281164449,0.0571090941247732,0.12605477876418872,0.24175909161567688,0.5903614457831325,0.322233041220383,,97.02312850025035
68,100,0.2674305035212449,0.2588697045313028,0.05139919118092863,0.1703512002866191,0.24794739484786987,0.8261617900172117,0.34378448555663743,,287.55184048106213
69,5,0.14099254159495123,0.027325335080369856,0.0961120673168866,0.1454583776645443,0.2434237003326416,0.3885542168674699,0.25264524505030833,,40.28161256056328
69,10,0.13407780782995926,0.047493528771600346,0.07501716962602598,0.13735877308583516,0.2586297392845154,0.5012908777969018,0.3036676403765011,,60.420079722954405
69,20,0.13865437003482328,0.08092971757226954,0.0608942310129218,0.1337282509243545,0.26632264256477356,0.6097246127366609,0.3336579032781564,,95.47271657001032
69,100,0.2668344312327222,0.25667316936069073,0.05359712742685506,0.1752866782545609,0.27211466431617737,0.8351979345955249,0.3548847776695878,,283.43992375989893
70,5,0.1407200229489386,0.026645438408059986,0.09603688563778925,0.14411655615491648,0.23933592438697815,0.37994836488812395,0.2522557611165206,,40.52683687710302
70,10,0.13535519629538564,0.04722659578467156,0.07610747235242665,0.1373717682141457,0.2540647089481354,0.4905335628227194,0.30003245699448233,,61.47299345701568
70,20,0.13972837040498556,0.08203077370957547,0.0617923434012389,0.13373492143759907,0.2622261047363281,0.6075731497418244,0.3272314183706589,,95.88737865208398
70,100,0.2656490222396663,0.2564688034735709,0.053782036627479754,0.17469447420827675,0.2679749131202698,0.8296041308089501,0.34832846478416096,,285.7002244908783
71,5,0.14947647733792313,0.02841986506658276,0.10190798909925416,0.15266885103030822,0.24968445301055908,0.4027538726333907,0.2516066212268744,,40.469041346885675
71,10,0.13965795153402724,0.05005268988613597,0.07812109955858419,0.14249238721567808,0.2643871605396271,0.5116179001721171,0.2999675430055177,,61.23144250978229
71,20,0.14254444977324887,0.08403487796111893,0.06297708279743452,0.1379591586694097,0.27200862765312195,0.6200516351118761,0.3269717624148004,,96.84653823602304
71,100,0.26819230796422844,0.2593602004717247,0.05584550774159635,0.1789683077370798,0.27751094102859497,0.8321858864027539,0.34962674456345344,,286.2686722885687
72,5,0.14212564543889847,0.02745546081598351,0.0976906435264869,0.14608007359825734,0.24409781396389008,0.38812392426850256,0.254592664719247,,40.75020837832795
72,10,0.13418845449826516,0.04672194128081124,0.07623639554709498,0.1379671096334188,0.2591816484928131,0.5008605851979346,0.3002271989613762,,61.67592786512964
72,20,0.14030812238646895,0.0810165572244738,0.06288203683237947,0.13556060579534973,0.26716095209121704,0.6140275387263339,0.3272314183706589,,96.62006762962042
72,100,0.2697607941103318,0.26046825221339287,0.05538069971768818,0.17867798226074158,0.27329397201538086,0.8450946643717728,0.34969165855241807,,287.3990595904891
73,5,0.1451878944348824,0.0264020221210559,0.10108122968062727,0.15030462865720423,0.25076016783714294,0.38812392426850256,0.25563128854268097,,40.79332266567855
73,10,0.1405738600661148,0.04813873021040153,0.08020164937907336,0.14350245431327516,0.26587507128715515,0.5017211703958692,0.3035378123985719,,61.80049517917845
73,20,0.14607603616503545,0.08428656852966404,0.06559771669102878,0.13985306153248428,0.2733871638774872,0.6118760757314974,0.33281402142161637,,96.83982253498608
73,100,0.2660284104989395,0.2568830415963619,0.05582629685508643,0.17815293156754594,0.27900561690330505,0.8278829604130808,0.35780590717299576,,288.2046561091297
74,5,0.14293602983362022,0.02693946340842987,0.09874091604513291,0.14699530357986842,0.24387550354003906,0.3803786574870912,0.25095748133722817,,40.64919590962882
74,10,0.13537090539026855,0.04736642639976217,0.0766221057971222,0.138387437929565,0.259429395198822,0.5,0.298539435248296,,61.41374440783316
74,20,0.14010249658542742,0.08232868535159191,0.06150895431059007,0.13426352991001034,0.2672310769557953,0.612736660929432,0.3243102888672509,,96.50005277716127
74,100,0.2711112079762866,0.2614300391968908,0.05388270754119182,0.17652968578476266,0.27306804060935974,0.8321858864027539,0.3445634534242129,,291.64029465402405
75,5,0.14335915088927137,0.028570414316863208,0.09752055842417288,0.14673637218398272,0.2443990260362625,0.39070567986230637,0.2545277507302824,,40.40032774459795
75,10,0.13515729585006694,0.04811461762317437,0.07652475480693968,0.13835330555705683,0.2579672336578369,0.49569707401032703,0.3026290165530672,,61.525747018540656
75,20,0.1387043540786054,0.08242114393950471,0.06226385685456137,0.13401070328128595,0.26539647579193115,0.6006884681583476,0.3305420318078546,,95.56973369210324
75,100,0.26590634638765737,0.25749534464246066,0.055010671718466436,0.17628320979349127,0.27123016119003296,0.8231497418244407,0.3524829600778968,,288.8776575390857
76,5,0.14284279977051062,0.028642701432506124,0.09766458691910498,0.1472490523479856,0.2464572787284851,0.3889845094664372,0.25030834144758196,,40.419032090434044
76,10,0.13734427505942134,0.04990853055183521,0.07674591852183597,0.13990414220640016,0.2609429359436035,0.49698795180722893,0.2994482310938007,,61.84639382194818
76,20,0.14247620444842993,0.08338239864248873,0.06329606802400349,0.1374440547687807,0.26879051327705383,0.6071428571428571,0.32827004219409284,,97.06695226532726
76,100,0.26912581175269196,0.26048747484343393,0.055596161977045304,0.17797381834542497,0.2748071253299713,0.8369191049913941,0.35086011035378123,,291.09518005346735
77,5,0.14125788869764772,0.025938900648949163,0.09643705775482883,0.14545825854639843,0.24317270517349243,0.3876936316695353,0.25381369685167154,,39.64657798197231
77,10,0.13401770346692896,0.045752286870166865,0.07476965191236819,0.13734027200328108,0.25825804471969604,0.5012908777969018,0.3010710808179163,,60.74628322485995
77,20,0.13775943329235,0.07974948353363633,0.059969311484886594,0.1330950697781698,0.26581597328186035,0.6114457831325302,0.32801038623823436,,95.80851806969778
77,100,0.26328431624476273,0.25408848882295776,0.05196459285201256,0.1727205858548393,0.27117183804512024,0.8253012048192772,0.3507951963648166,,288.52622357857916
78,5,0.14060527825588065,0.028960935768243736,0.09620242876266973,0.14431894119893754,0.24212564527988434,0.3855421686746988,0.2519961051606621,,39.84559826605945
78,10,0.13910352293527856,0.053004312858436854,0.07649766718856854,0.13928416340683922,0.25940752029418945,0.5146299483648882,0.29750081142486207,,60.41330585832701
78,20,0.14704216607112355,0.08902298353008982,0.0637341833477368,0.13777713465037358,0.2667692005634308,0.6191910499139415,0.3256085686465433,,93.73340433604581
78,100,0.27499892623216643,0.265687952002295,0.05683470752571101,0.17998116946519838,0.27222970128059387,0.8347676419965576,0.35027588445309965,,278.7655424044073
79,5,0.1549985656913368,0.031033930231494304,0.10686065691336777,0.15769177804239579,0.25587350130081177,0.39802065404475045,0.25472249269717623,,40.94840012972567
79,10,0.14531066442641313,0.05087349176047382,0.08373504410688863,0.1478552586624609,0.2700120210647583,0.5017211703958692,0.30249918857513797,,61.881372993891574
79,20,0.1485208605738325,0.08560213426799368,0.06779985327738194,0.1434214077907187,0.2776886224746704,0.6118760757314974,0.32982797792924373,,97.07910690562564
79,100,0.2705938710054047,0.2615551236708406,0.05844160701873315,0.18226591022551564,0.28344064950942993,0.8321858864027539,0.3528724440116845,,286.3422491461504
80,5,0.1385327022375215,0.0267276114442441,0.09401188085676036,0.1418091332361036,0.23546329140663147,0.37994836488812395,0.2525154170723791,,39.98035385193283
80,10,0.13270018850913862,0.04906795594772666,0.0736824147768051,0.13470521987084108,0.2513478994369507,0.4987091222030981,0.3000973709834469,,61.142752741254796
80,20,0.1400102317079658,0.08557504770826678,0.06045486934243151,0.132122133485364,0.2589952349662781,0.6088640275387264,0.3287893541058098,,94.78740085149292
80,100,0.2737452128732974,0.26490095024885363,0.05338187623409949,0.17518130002272106,0.2649117708206177,0.8403614457831325,0.35319701395650765,,280.98070899952876
81,5,0.14546041308089502,0.027971765453352334,0.10163236278447123,0.15161516491486363,0.2562679350376129,0.39888123924268504,0.2523206751054852,,40.08872614686693
81,10,0.13818846815834768,0.04902171359779067,0.07928794238339817,0.14263933459864347,0.2700733244419098,0.5030120481927711,0.30230444660824407,,60.86338037485003
81,20,0.1418214595263514,0.08360897407180659,0.06370269159855886,0.1380162028598649,0.27854156494140625,0.6209122203098106,0.3320350535540409,,96.73150152030279
81,100,0.27427358822553066,0.2651692803136982,0.056606834429661704,0.1824947850680011,0.28432953357696533,0.8438037865748709,0.3563777994157741,,288.6893488585018
82,5,0.14571141709695926,0.02931200516542119,0.09764546280359533,0.14777231068003427,0.24500145018100739,0.39672977624784855,0.256994482310938,,40.36265032686647
82,10,0.1387051607791711,0.051546711209748124,0.07568958955897014,0.13930346685393996,0.2604176700115204,0.5116179001721171,0.3056799740344044,,61.40821380902691
82,20,0.1421272387664604,0.08399031003295518,0.061454857625471086,0.13572120411675284,0.26769542694091797,0.6140275387263339,0.3308016877637131,,96.42140304804681
82,100,0.27504122120197916,0.2662440991556643,0.054286633644989625,0.17860247385272654,0.2736622989177704,0.8416523235800344,0.3505355404089581,,287.5157340323847
83,5,0.14988525530694208,0.027598699546004198,0.10501816790973417,0.1548797652746173,0.25587350130081177,0.3993115318416523,0.25543654657578707,,40.93709560625817
83,10,0.14290256263147832,0.04978645621251693,0.0822566377701715,0.14645032464991914,0.2710919976234436,0.5146299483648882,0.3050308341447582,,62.50503556936369
83,20,0.14769442128279844,0.08619174211068881,0.06675571814071325,0.1421368750495382,0.27896925806999207,0.628657487091222,0.33248945147679326,,97.57993356443438
83,100,0.27048377661104306,0.2604110218381199,0.05775954001374774,0.1815152451304078,0.2842373549938202,0.8339070567986231,0.3539759818240831,,285.37130019076807
84,5,0.13539873780837636,0.026432457114634662,0.09162507171543316,0.13979358319747523,0.23621629178524017,0.37263339070567986,0.25043816942551117,,40.056940001561784
84,10,0.13437167035488895,0.04932752237916427,0.07288566708796095,0.13515216290744914,0.2525346279144287,0.49698795180722893,0.3000973709834469,,60.505284264832206
84,20,0.13685448361683156,0.08176893931577736,0.05880898016312737,0.13113729131355228,0.2597901523113251,0.5993975903614458,0.3302823758519961,,93.96958869084851
84,100,0.2639763682412199,0.25726318680700755,0.05172088196417387,0.17160273786144367,0.26575326919555664,0.8296041308089501,0.3563128854268095,,280.0498783233641
85,5,0.14407630522088355,0.027749819102538403,0.10090660260087972,0.1504540419531146,0.25370049476623535,0.3898450946643718,0.2529049010061668,,39.98016720516895
85,10,0.13728826872114308,0.05020868877983673,0.07795351026717821,0.14156877814376187,0.2700084447860718,0.5116179001721171,0.30003245699448233,,60.50048656644954
85,20,0.1444334657823232,0.0863376643761192,0.06363317841947873,0.138484302139522,0.2774644196033478,0.6179001721170396,0.32859461213891594,,95.25801695753609
85,100,0.2721102494958707,0.2632627434412474,0.056067120500118944,0.1801739396465122,0.28322628140449524,0.8386402753872634,0.3476144109055501,,283.5020002238984
86,5,0.13732788296041307,0.0273030665003323,0.0931838066551922,0.14026745584042766,0.23229344189167023,0.37349397590361444,0.2523206751054852,,39.30775663595016
86,10,0.13366288282381225,0.05026305395700073,0.07342959056829847,0.1345326709623434,0.2487989366054535,0.4965576592082616,0.2996429730606946,,59.25121882729794
86,20,0.14012938778972173,0.0851222867595967,0.06063498395424749,0.1326065675846915,0.25698912143707275,0.6123063683304647,0.3276209023044466,,93.9801767125874
86,100,0.2679626947720997,0.25910780223613433,0.054325825076822515,0.17618796005423543,0.26306599378585815,0.8386402753872634,0.35267770204479065,,276.76550509899977
87,5,0.140684165232358,0.02771941167927488,0.09730469497035762,0.14401545034172852,0.23578600585460663,0.37134251290877796,0.2521259331385914,,41.25041135854691
87,10,0.13222481763789853,0.04945180978485313,0.07443385422155092,0.13468085128940258,0.25182464718818665,0.49354561101549055,0.2957481337228173,,61.22183434430801
87,20,0.1391286184996353,0.08481367132113798,0.060985493340542415,0.13207175577451558,0.2597380578517914,0.6054216867469879,0.3217786432976306,,96.25675057479681
87,100,0.270496228568541,0.26194163228806894,0.05479026627123375,0.17638432403594947,0.2654426693916321,0.822289156626506,0.3407335280753002,,283.7124721236317
88,5,0.13719162363740675,0.02815381953972266,0.09295778351501244,0.140920245630114,0.23795180022716522,0.3803786574870912,0.24959428756897112,,40.562095477642664
88,10,0.1333177949894817,0.04956032311552698,0.07412413793767013,0.13493649263315216,0.2545296847820282,0.504302925989673,0.29892891918208375,,61.42357716288068
88,20,0.14084012588396114,0.08493494051697444,0.061242109555179405,0.13323417825193526,0.26202869415283203,0.6105851979345955,0.3293086660175268,,96.6137198899095
88,100,0.26593431847259336,0.25705054708217967,0.054352217169810674,0.17520729067142984,0.2679455578327179,0.8339070567986231,0.3524180460889322,,287.23419142298525
89,5,0.1384896729776248,0.027979425991535186,0.09537638649837446,0.14294328366779355,0.23893430829048157,0.3803786574870912,0.25348912690684844,,41.11205279240892
89,10,0.1319009029314537,0.04716773323526386,0.07546264592166312,0.1355368908519617,0.2529946267604828,0.4858003442340792,0.30042194092827,,62.04486553185342
89,20,0.1384437556929937,0.08236187494062817,0.06155283630030435,0.1333091478881047,0.26160043478012085,0.6058519793459552,0.3269717624148004,,97.22275116767918
89,100,0.26836927588924375,0.2592386801054151,0.05434363774062782,0.1747677805767659,0.26737502217292786,0.8274526678141136,0.34910743265173644,,285.2720557376269
90,5,0.13472461273666095,0.025373249070019015,0.09216281793842035,0.13899169382182788,0.23296041786670685,0.3704819277108434,0.25322947095098997,,40.13433628584557
90,10,0.1306306860093435,0.0485058081821735,0.07075634304847074,0.13207841665487768,0.25023651123046875,0.5,0.300941252839987,,60.07661314851972
90,20,0.13950574498001933,0.0859601355516517,0.057713788996451805,0.13055882039064498,0.2583642899990082,0.6153184165232358,0.3313859136643947,,93.83229621832398
90,100,0.27070021938263533,0.26316452798837375,0.0516863860099803,0.17418185169173442,0.26419535279273987,0.8442340791738382,0.3559883154819864,,284.895158830148
91,5,0.14305077452667816,0.029499527348612924,0.09726298049340218,0.1471680717588846,0.2481999397277832,0.39500860585197933,0.24764686790003246,,41.296390976604854
91,10,0.13752749091604513,0.0510154594943791,0.0768316997067202,0.13949766613818998,0.26153868436813354,0.49569707401032703,0.2934112301200909,,62.621789889738345
91,20,0.14750965460430365,0.08937614715008248,0.0638518429802604,0.13839099573507008,0.2702272832393646,0.6196213425129088,0.31911716975008114,,98.03538947529134
91,100,0.274597730897101,0.2665255775125734,0.05655316624790532,0.18054402972210454,0.2758544087409973,0.8360585197934596,0.33787731256085685,,292.36465363226296
92,5,0.14088496844520942,0.027658209604978806,0.09553738764582138,0.14384190852986964,0.23817412555217743,0.3851118760757315,0.24797143784485556,,40.41907384709
92,10,0.1347894981285687,0.051482239587891554,0.07374290773394841,0.1355552867965536,0.25279825925827026,0.49569707401032703,0.29217786432976306,,61.47190786589652
92,20,0.14277672305661643,0.08883924179392087,0.06017406358034779,0.13293951352954528,0.25982466340065,0.5959552495697074,0.31944173969490425,,96.02874310723817
92,100,0.27614689183293195,0.2692033130907976,0.054142979953827594,0.17736913727844136,0.26598232984542847,0.8300344234079173,0.3415124959428757,,287.5946170806505
93,5,0.14381095811818706,0.028942682267290677,0.10010279212086441,0.1491663158639672,0.2512191832065582,0.39328743545611017,0.25829276209023044,,40.660165629584725
93,10,0.13795488074747972,0.049735700508066374,0.07906536163821684,0.14124253374731358,0.2656078338623047,0.5004302925989673,0.308666017526777,,61.10681603347238
93,20,0.14185036942010212,0.08406808797683728,0.06431742701647218,0.137090980960712,0.2727794051170349,0.6015490533562823,0.34203180785459264,,95.42561529355343
93,100,0.2721412458949895,0.26232249719570744,0.056847905583892,0.1784787040194202,0.2786497473716736,0.830895008605852,0.3629990262901655,,282.14090041258686
94,5,0.14812822719449226,0.030660977199271397,0.10092716102505259,0.1512218626317557,0.25119051337242126,0.3984509466437177,0.25511197663096397,,42.03712584981187
94,10,0.14157838838346584,0.05133162504124111,0.07970297919081573,0.14307821954266803,0.2656826078891754,0.5064543889845095,0.2999675430055177,,63.299746950882
94,20,0.1457691856432551,0.08636562008858478,0.06429506163197093,0.13822316251048056,0.27334609627723694,0.6140275387263339,0.327036676403765,,98.93228991368272
94,100,0.2729794057280123,0.26295184584879,0.05636081810305911,0.17975311188680385,0.279229998588562,0.8399311531841652,0.34320025965595585,,291.4963325356228
95,5,0.1455966724039013,0.02956767757165107,0.10048527443105756,0.14921863273609312,0.24589787423610687,0.3859724612736661,0.2523206751054852,,40.19413694109262
95,10,0.1360342731470098,0.04964222927566794,0.07800367949500193,0.13927861188020735,0.2603512704372406,0.49440619621342513,0.30113599480688086,,61.17349681443829
95,20,0.1439134051529509,0.08575729123008369,0.06412044820185107,0.13692556452857463,0.2682954668998718,0.6071428571428571,0.32827004219409284,,94.9069342885169
95,100,0.27023891483536777,0.26167629726300623,0.05571488574094831,0.17737090723600302,0.27419522404670715,0.8326161790017211,0.3507951963648166,,284.4306844689641
96,5,0.13863310384394723,0.027987325378505463,0.0940116418053165,0.14111446210429007,0.23345524072647095,0.37865748709122204,0.25705939629990265,,40.488645987186096
96,10,0.1360602273037729,0.050172565728750056,0.07512053830265453,0.13591825825634074,0.2493818700313568,0.49698795180722893,0.3058747160012983,,60.820731154555794
96,20,0.14132693768057425,0.08306451403208612,0.06190392452774432,0.13347369367124762,0.2577160596847534,0.617039586919105,0.3349561830574489,,95.10359800289724
96,100,0.265700852347622,0.2566591002809127,0.05376535518889985,0.17421694376355193,0.2633873522281647,0.8287435456110155,0.3585199610516066,,283.3834811545987
97,5,0.1378298909925416,0.027188372766288296,0.09417013291260279,0.1420345388948199,0.2380235344171524,0.3812392426850258,0.25296981499513144,,41.04858993242791
97,10,0.13244611097451028,0.04759566613926446,0.07383061101982706,0.13530036419495864,0.2532830238342285,0.49483648881239245,0.3015903927296332,,61.84267846020881
97,20,0.13580199846071048,0.08103454688738831,0.05968574649049707,0.13121658260101524,0.26113373041152954,0.6049913941480206,0.33326841934436874,,96.26507151641727
97,100,0.27061992865276535,0.26190133082556005,0.05372364981873621,0.17579459462187322,0.2671591639518738,0.8377796901893287,0.35832521908471276,,284.4608058147165
98,5,0.14226190476190476,0.02744323937583259,0.09684619430101359,0.1463112648783388,0.24690191447734833,0.3997418244406196,0.2519961051606621,,40.43292009413364
98,10,0.13316599732262382,0.04758850981387837,0.07502851996204232,0.1369392995840125,0.26126086711883545,0.5073149741824441,0.2983446932814021,,60.93064785562737
98,20,0.1396601417582345,0.08392946834051175,0.0606768375049577,0.13344858540788437,0.2689885199069977,0.6166092943201377,0.3265822784810127,,95.4670068065987
98,100,0.2696357541841143,0.2625513342507157,0.053506669072538794,0.17631531682067722,0.2749766707420349,0.8433734939759037,0.3455371632586822,,281.96679773891964
99,5,0.13973752151462995,0.02898298601380668,0.09283730158730158,0.14259755080175388,0.24261333048343658,0.4018932874354561,0.2477766958779617,,40.54012445638386
99,10,0.1356379600032784,0.05154605633894385,0.07333961107631043,0.13648363173800424,0.25751540064811707,0.5129087779690189,0.29444985394352485,,61.52561707179223
99,20,0.1412713129785588,0.0855353586209788,0.061193402326516634,0.1343233187498031,0.2645680606365204,0.6105851979345955,0.3226225251541707,,96.70426348155976
99,100,0.2761986520807367,0.2683070619456238,0.055470114881672666,0.1794505186178971,0.27044105529785156,0.8334767641996558,0.3411879259980526,,282.74401592220215
